country,year,iso_code,population,gdp,cement_co2,cement_co2_per_capita,co2,co2_growth_abs,co2_growth_prct,co2_per_capita,co2_per_gdp,co2_per_unit_energy,coal_co2,coal_co2_per_capita,consumption_co2,consumption_co2_per_capita,consumption_co2_per_gdp,cumulative_cement_co2,cumulative_co2,cumulative_coal_co2,cumulative_flaring_co2,cumulative_gas_co2,cumulative_oil_co2,cumulative_other_co2,energy_per_capita,energy_per_gdp,flaring_co2,flaring_co2_per_capita,gas_co2,gas_co2_per_capita,ghg_excluding_lucf_per_capita,ghg_per_capita,methane,methane_per_capita,nitrous_oxide,nitrous_oxide_per_capita,oil_co2,oil_co2_per_capita,other_co2_per_capita,other_industry_co2,primary_energy_consumption,share_global_cement_co2,share_global_co2,share_global_coal_co2,share_global_cumulative_cement_co2,share_global_cumulative_co2,share_global_cumulative_coal_co2,share_global_cumulative_flaring_co2,share_global_cumulative_gas_co2,share_global_cumulative_oil_co2,share_global_cumulative_other_co2,share_global_flaring_co2,share_global_gas_co2,share_global_oil_co2,share_global_other_co2,total_ghg,total_ghg_excluding_lucf,trade_co2,trade_co2_share
El Salvador,1950,SLV,2199903,4607025152.000,,,0.267,,,0.122,0.058,,,,,,,,0.267,,,,0.267,,,,,,,,,,,,,,0.267,0.122,,,,,0.000,,,0.000,,,,0.000,,,,0.020,,,,,
El Salvador,1951,SLV,2237778,4697814016.000,,,0.322,0.055,20.550,0.144,0.069,,,,,,,,0.590,,,,0.590,,,,,,,,,,,,,,0.322,0.144,,,,,0.010,,,0.000,,,,0.000,,,,0.020,,,,,
El Salvador,1952,SLV,2280443,5049962496.000,,,0.388,0.066,20.450,0.170,0.077,,,,,,,,0.978,,,,0.978,,,,,,,,,,,,,,0.388,0.170,,,,,0.010,,,0.000,,,,0.000,,,,0.020,,,,,
El Salvador,1953,SLV,2327374,5409458176.000,0.018,0.008,0.418,0.029,7.510,0.179,0.077,,,,,,,0.018,1.396,,,,1.378,,,,,,,,,,,,,,0.399,0.172,,,,0.020,0.010,,0.000,0.000,,,,0.000,,,,0.020,,,,,
El Salvador,1954,SLV,2378242,5474093056.000,0.025,0.011,0.469,0.051,12.270,0.197,0.086,,,,,,,0.044,1.865,,,,1.821,,,,,,,,,,,,,,0.443,0.186,,,,0.030,0.010,,0.000,0.000,,,,0.010,,,,0.020,,,,,
El Salvador,1955,SLV,2432877,5752750080.000,0.029,0.012,0.461,-0.007,-1.570,0.190,0.080,,,,,,,0.073,2.326,,,,2.253,,,,,,,,,,,,,,0.432,0.178,,,,0.030,0.010,,0.010,0.000,,,,0.010,,,,0.020,,,,,
El Salvador,1956,SLV,2491249,6208903680.000,0.033,0.013,0.527,0.066,14.290,0.212,0.085,,,,,,,0.105,2.853,,,,2.748,,,,,,,,,,,,,,0.495,0.199,,,,0.030,0.010,,0.010,0.000,,,,0.010,,,,0.020,,,,,
El Salvador,1957,SLV,2553506,6537358848.000,0.044,0.017,0.597,0.070,13.180,0.234,0.091,,,,,,,0.149,3.450,,,,3.301,,,,,,,,,,,,,,0.553,0.217,,,,0.040,0.010,,0.010,0.000,,,,0.010,,,,0.020,,,,,
El Salvador,1958,SLV,2619901,6679128064.000,0.044,0.017,0.597,0.000,0.000,0.228,0.089,,,,,,,0.193,4.047,,,,3.855,,,,,,,,,,,,,,0.553,0.211,,,,0.030,0.010,,0.010,0.000,,,,0.010,,,,0.020,,,,,
El Salvador,1959,SLV,2690747,6978779648.000,0.040,0.015,0.604,0.007,1.230,0.225,0.087,,,,,,,0.233,4.651,,,,4.419,,,,,,,,,,,,,,0.564,0.210,,,,0.030,0.010,,0.010,0.000,,,,0.010,,,,0.020,,,,,
El Salvador,1960,SLV,2766319,7261992960.000,0.044,0.016,0.619,0.015,2.420,0.224,0.085,,,,,,,0.276,5.270,,,,4.994,,,,,,,,,,,,,,0.575,0.208,,,,0.030,0.010,,0.010,0.000,,,,0.010,,,,0.020,,,,,
El Salvador,1961,SLV,2846601,7517508096.000,0.036,0.013,0.582,-0.037,-5.910,0.205,0.078,,,,,,,0.313,5.853,,,,5.540,,,,,,,,,,,,,,0.546,0.192,,,,0.020,0.010,,0.010,0.000,,,,0.010,,,,0.020,,,,,
El Salvador,1962,SLV,2931187,8413417472.000,0.033,0.011,0.648,0.066,11.330,0.221,0.077,,,,,,,0.345,6.501,,,,6.156,,,,,,,,,,,,,,0.616,0.210,,,,0.020,0.010,,0.010,0.000,,,,0.010,,,,0.020,,,,,
El Salvador,1963,SLV,3019224,8780534784.000,0.040,0.013,1.125,0.476,73.470,0.373,0.128,,,,,,,0.385,7.625,,,,7.240,,,,,,,,,,,,,,1.085,0.359,,,,0.020,0.010,,0.020,0.000,,,,0.010,,,,0.030,,,,,
El Salvador,1964,SLV,3109571,9596141568.000,0.044,0.014,1.231,0.106,9.450,0.396,0.128,,,,,,,0.429,8.856,,,,8.427,,,,,,,,,,,,,,1.187,0.382,,,,0.020,0.010,,0.020,0.000,,,,0.010,,,,0.030,,,,,
El Salvador,1965,SLV,3201310,10112822272.000,0.040,0.013,1.040,-0.190,-15.480,0.325,0.103,,,,,,,0.469,9.896,,,,9.427,,,,,,,,,,,,,,1.000,0.312,,,,0.020,0.010,,0.020,0.000,,,,0.010,,,,0.020,,,,,
El Salvador,1966,SLV,3293954,10836105216.000,0.069,0.021,1.304,0.264,25.340,0.396,0.120,,,,,,,0.538,11.200,,,,10.662,,,,,,,,,,,,,,1.235,0.375,,,,0.030,0.010,,0.020,0.000,,,,0.010,,,,0.030,,,,,
El Salvador,1967,SLV,3387384,11425164288.000,0.069,0.020,1.157,-0.147,-11.240,0.342,0.101,,,,,,,0.607,12.357,,,,11.750,,,,,,,,,,,,,,1.088,0.321,,,,0.030,0.010,,0.020,0.000,,,,0.010,,,,0.020,,,,,
El Salvador,1968,SLV,3481624,11795955712.000,0.076,0.022,1.260,0.103,8.860,0.362,0.107,,,,,,,0.683,13.617,,,,12.934,,,,,,,,,,,,,,1.183,0.340,,,,0.030,0.010,,0.020,0.000,,,,0.020,,,,0.020,,,,,
El Salvador,1969,SLV,3576834,12211503104.000,0.069,0.019,1.190,-0.070,-5.520,0.333,0.097,,,,,,,0.752,14.807,,,,14.055,,,,,,,,,,,,,,1.121,0.313,,,,0.030,0.010,,0.020,0.000,,,,0.020,,,,0.020,,,,,
El Salvador,1970,SLV,3673066,12570427392.000,0.080,0.022,1.428,0.238,20.000,0.389,0.114,,,,,,,0.832,16.236,,,,15.403,,,,,,,,,,,,,,1.348,0.367,,,,0.030,0.010,,0.020,0.000,,,,0.020,,,,0.020,,,,,
El Salvador,1971,SLV,3770060,13182820352.000,0.091,0.024,1.509,0.081,5.640,0.400,0.115,,,,,,,0.923,17.745,,,,16.821,,,,,,,,,,,,,,1.418,0.376,,,,0.030,0.010,,0.020,0.000,,,,0.020,,,,0.020,,,,,
El Salvador,1972,SLV,3867310,13906455552.000,0.109,0.028,1.677,0.168,11.160,0.434,0.121,,,,,,,1.032,19.422,,,,18.390,,,,,,,,,,,,,,1.568,0.405,,,,0.030,0.010,,0.020,0.000,,,,0.020,,,,0.020,,,,,
El Salvador,1973,SLV,3964273,14612159488.000,0.120,0.030,1.967,0.289,17.250,0.496,0.135,,,,,,,1.152,21.388,,,,20.236,,,,,,,,,,,,,,1.847,0.466,,,,0.040,0.010,,0.020,0.000,,,,0.020,,,,0.020,,,,,
El Salvador,1974,SLV,4060255,15542391808.000,0.145,0.036,1.970,0.003,0.180,0.485,0.127,,,,,,,1.297,23.358,,,,22.061,,,,,,,,,,,,,,1.825,0.449,,,,0.040,0.010,,0.020,0.000,,,,0.020,,,,0.020,,,,,
El Salvador,1975,SLV,4154689,16413573120.000,0.164,0.039,2.105,0.135,6.870,0.507,0.128,,,,,,,1.461,25.464,,,,24.003,,,,,,,,,,,,,,1.942,0.467,,,,0.050,0.010,,0.020,0.010,,,,0.020,,,,0.020,,,,,
El Salvador,1976,SLV,4247508,17058357248.000,0.159,0.037,2.207,0.101,4.810,0.520,0.129,,,,,,,1.620,27.671,,,,26.051,,,,,,,,,,,,,,2.048,0.482,,,,0.050,0.010,,0.030,0.010,,,,0.020,,,,0.020,,,,,
El Salvador,1977,SLV,4338451,18087909376.000,0.182,0.042,2.282,0.075,3.400,0.526,0.126,,,,,,,1.802,29.952,,,,28.151,,,,,,,,,,,,,,2.099,0.484,,,,0.050,0.010,,0.030,0.010,,,,0.020,,,,0.020,,,,,
El Salvador,1978,SLV,4426679,19247497216.000,0.220,0.050,2.381,0.100,4.370,0.538,0.124,,,,,,,2.021,32.334,,,,30.312,,,,,,,,,,,,,,2.162,0.488,,,,0.060,0.010,,0.030,0.010,,,,0.020,,,,0.020,,,,,
El Salvador,1979,SLV,4511127,18922278912.000,0.281,0.062,2.377,-0.005,-0.200,0.527,0.126,,,,,,,2.302,34.710,,,,32.408,,,,,,,,,,,,,,2.096,0.465,,,,0.070,0.010,,0.030,0.010,,,,0.020,,,,0.020,,,,,
El Salvador,1980,SLV,4591135,17280720896.000,0.247,0.054,2.119,-0.257,-10.830,0.462,0.123,0.160,,,,,,2.549,36.830,,,,34.280,,2884.734,0.766,,,,,,,,,,,1.872,0.408,,,13.244,0.060,0.010,,0.030,0.010,,,,0.020,,,,0.020,,,,,
El Salvador,1981,SLV,4666361,15850661888.000,0.214,0.046,1.819,-0.301,-14.190,0.390,0.115,0.151,,,,,,2.763,38.649,,,,35.885,,2577.276,0.759,,,,,,,,,,,1.605,0.344,,,12.027,0.050,0.010,,0.030,0.010,,,,0.020,,,,0.020,,,,,
El Salvador,1982,SLV,4737256,14958442496.000,0.195,0.041,1.752,-0.067,-3.660,0.370,0.117,0.141,,,,,,2.958,40.401,,,,37.442,,2617.057,0.829,,,,,,,,,,,1.557,0.329,,,12.398,0.050,0.010,,0.030,0.010,,,,0.020,,,,0.020,,,,,
El Salvador,1983,SLV,4804936,15073953792.000,0.200,0.042,1.885,0.133,7.610,0.392,0.125,0.151,,,,,,3.158,42.286,,,,39.128,,2595.527,0.827,,,,,,,,,,,1.685,0.351,,,12.471,0.050,0.010,,0.040,0.010,,,,0.020,,,,0.020,,,,,
El Salvador,1984,SLV,4871041,15421202432.000,0.181,0.037,1.588,-0.297,-15.760,0.326,0.103,0.121,,,,,,3.339,43.874,,,,40.535,,2704.622,0.854,,,,,,,,,,,1.407,0.289,,,13.174,0.040,0.010,,0.040,0.010,,,,0.020,,,,0.020,,,,,
El Salvador,1985,SLV,4936803,15722767360.000,0.203,0.041,1.965,0.377,23.740,0.398,0.125,0.147,,,,,,3.542,45.840,,,,42.297,,2715.672,0.853,,,,,,,,,,,1.762,0.357,,,13.407,0.050,0.010,,0.040,0.010,,,,0.020,,,,0.020,,,,,
El Salvador,1986,SLV,5002339,15830937600.000,0.198,0.040,1.967,0.002,0.110,0.393,0.124,0.140,,,,,,3.740,47.807,,,,44.067,,2817.530,0.890,,,,,,,,,,,1.770,0.354,,,14.094,0.050,0.010,,0.040,0.010,,,,0.020,,,,0.020,,,,,
El Salvador,1987,SLV,5067531,16252802048.000,0.271,0.054,2.414,0.447,22.720,0.477,0.149,0.176,,,,,,4.011,50.222,,,,46.210,,2710.333,0.845,,,,,,,,,,,2.143,0.423,,,13.735,0.060,0.010,,0.040,0.010,,,,0.020,,,,0.020,,,,,
El Salvador,1988,SLV,5133273,16515979264.000,0.275,0.054,2.433,0.019,0.770,0.474,0.147,0.162,,,,,,4.286,52.655,,,,48.368,,2918.664,0.907,,,,,,,,,,,2.158,0.420,,,14.982,0.060,0.010,,0.040,0.010,,,,0.020,,,,0.020,,,,,
El Salvador,1989,SLV,5200608,16692308992.000,0.276,0.053,2.547,0.114,4.690,0.490,0.153,0.168,,,,,,4.562,55.202,,,,50.640,,2914.985,0.908,,,,,,,,,,,2.272,0.437,,,15.160,0.060,0.010,,0.040,0.010,,,,0.020,,,,0.020,,,,,
El Salvador,1990,SLV,5270074,17260965888.000,0.277,0.052,2.475,-0.072,-2.830,0.470,0.143,0.157,,,4.017,0.762,0.233,4.838,57.677,,,,52.839,,2982.455,0.911,,,,,1.302,1.509,3.220,0.611,1.250,0.237,2.198,0.417,,,15.718,0.060,0.010,,0.040,0.010,,,,0.020,,,,0.020,,7.950,6.860,1.542,62.310
El Salvador,1991,SLV,5342190,18153449472.000,0.293,0.055,3.155,0.680,27.460,0.590,0.174,0.203,,,4.605,0.862,0.254,5.132,60.832,,,,55.700,,2907.949,0.856,,,,,1.430,1.634,3.290,0.616,1.280,0.240,2.862,0.536,,,15.535,0.060,0.010,,0.040,0.010,,,,0.020,,,,0.030,,8.730,7.640,1.450,45.960
El Salvador,1992,SLV,5416327,19825256448.000,0.180,0.033,3.317,0.162,5.140,0.612,0.167,0.189,,,4.917,0.908,0.248,5.312,64.148,,,,58.837,,3245.914,0.887,,,,,1.481,1.682,3.360,0.620,1.300,0.240,3.136,0.579,,,17.581,0.030,0.010,,0.040,0.010,,,,0.020,,,,0.030,,9.110,8.020,1.600,48.250
El Salvador,1993,SLV,5490478,21604952064.000,0.370,0.067,3.976,0.659,19.860,0.724,0.184,0.218,0.004,0.001,5.349,0.974,0.248,5.682,68.124,0.004,,,62.438,,3318.133,0.843,,,,,1.548,1.745,3.290,0.599,1.270,0.231,3.602,0.656,,,18.218,0.070,0.020,0.000,0.040,0.010,0.000,,,0.020,,,,0.040,,9.580,8.500,1.374,34.550
El Salvador,1994,SLV,5561916,23258529792.000,0.365,0.066,4.513,0.537,13.510,0.811,0.194,0.226,0.004,0.001,5.959,1.071,0.256,6.047,72.637,0.007,,,66.582,,3585.935,0.858,,,,,1.638,1.834,3.400,0.611,1.240,0.223,4.144,0.745,,,19.945,0.060,0.020,0.000,0.040,0.010,0.000,,,0.020,,,,0.040,,10.200,9.110,1.446,32.050
El Salvador,1995,SLV,5628602,25119266816.000,0.382,0.068,4.998,0.486,10.760,0.888,0.199,0.201,0.004,0.001,6.524,1.159,0.260,6.429,77.635,0.011,,,71.195,,4412.569,0.989,,,,,1.666,1.860,3.250,0.577,1.150,0.204,4.613,0.820,,,24.837,0.060,0.020,0.000,0.040,0.010,0.000,,,0.020,,,,0.050,,10.470,9.380,1.525,30.510
El Salvador,1996,SLV,5689943,25931149312.000,0.406,0.071,4.414,-0.584,-11.680,0.776,0.170,0.174,0.004,0.001,6.055,1.064,0.234,6.835,82.050,0.015,,,75.200,,4464.882,0.980,,,,,1.638,1.830,3.570,0.627,1.340,0.236,4.005,0.704,,,25.405,0.060,0.020,0.000,0.040,0.010,0.000,,,0.020,,,,0.040,,10.410,9.320,1.640,37.150
El Salvador,1997,SLV,5746288,27444885504.000,0.436,0.076,5.416,1.001,22.680,0.942,0.197,0.215,0.004,0.001,7.206,1.254,0.263,7.271,87.465,0.018,,,80.176,,4388.286,0.919,,,,,1.773,1.961,3.470,0.604,1.370,0.238,4.976,0.866,,,25.216,0.070,0.020,0.000,0.040,0.010,0.000,,,0.020,,,,0.050,,11.270,10.190,1.790,33.050
El Salvador,1998,SLV,5797764,28907124736.000,0.455,0.079,5.731,0.315,5.820,0.988,0.198,0.199,0.004,0.001,8.136,1.403,0.282,7.726,93.197,0.022,,,85.448,,4958.453,0.994,,,,,1.777,1.965,3.370,0.581,1.220,0.210,5.272,0.909,,,28.748,0.070,0.020,0.000,0.050,0.010,0.000,,,0.020,,,,0.050,,11.390,10.300,2.405,41.960
El Salvador,1999,SLV,5844834,30355224576.000,0.440,0.075,5.588,-0.143,-2.500,0.956,0.184,0.184,0.004,0.001,7.891,1.350,0.260,8.166,98.784,0.026,,,90.592,,5195.142,1.000,,,,,1.798,1.985,3.570,0.611,1.290,0.221,5.144,0.880,,,30.365,0.060,0.020,0.000,0.050,0.010,0.000,,,0.030,,,,0.050,,11.600,10.510,2.303,41.210
El Salvador,2000,SLV,5887930,31478454272.000,0.453,0.077,5.671,0.083,1.490,0.963,0.180,0.193,0.004,0.001,8.215,1.395,0.261,8.620,104.455,0.029,,,95.806,,4993.718,0.934,,,,,1.719,1.902,3.270,0.555,1.170,0.199,5.214,0.886,,,29.403,0.060,0.020,0.000,0.050,0.010,0.000,,,0.030,,,,0.050,,11.200,10.120,2.544,44.850
El Salvador,2001,SLV,5927001,32499939328.000,0.497,0.084,5.857,0.186,3.290,0.988,0.180,0.192,0.004,0.001,8.869,1.496,0.273,9.116,110.313,0.033,,,101.163,,5151.206,0.939,,,,,1.815,1.999,3.590,0.606,1.240,0.209,5.357,0.904,,,30.531,0.070,0.020,0.000,0.050,0.010,0.000,,,0.030,,,,0.050,,11.850,10.760,3.011,51.410
El Salvador,2002,SLV,5962139,33751220224.000,0.556,0.093,6.070,0.212,3.630,1.018,0.180,0.194,,,9.112,1.528,0.270,9.672,116.383,,,,106.678,,5245.167,0.927,,,,,1.845,2.026,3.790,0.636,1.200,0.201,5.514,0.925,,,31.272,0.070,0.020,,0.050,0.010,,,,0.030,,,,0.050,,12.080,11.000,3.043,50.130
El Salvador,2003,SLV,5994075,35029540864.000,0.580,0.097,6.435,0.365,6.010,1.074,0.184,0.193,0.004,0.001,9.381,1.565,0.268,10.252,122.817,0.037,,,112.529,,5566.485,0.953,,,,,1.930,2.110,3.770,0.629,1.210,0.202,5.851,0.976,,,33.366,0.070,0.020,0.000,0.050,0.010,0.000,,,0.030,,,,0.050,,12.650,11.570,2.947,45.790
El Salvador,2004,SLV,6023801,36185186304.000,0.523,0.087,6.254,-0.181,-2.810,1.038,0.173,0.188,0.004,0.001,9.023,1.498,0.249,10.775,129.071,0.040,,,118.256,,5524.106,0.920,,,,,1.979,2.160,3.860,0.641,1.300,0.216,5.727,0.951,,,33.276,0.060,0.020,0.000,0.050,0.010,0.000,,,0.030,,,,0.050,,13.010,11.920,2.770,44.290
El Salvador,2005,SLV,6052124,38001442816.000,0.464,0.077,6.298,0.044,0.700,1.041,0.166,0.183,0.004,0.001,8.903,1.471,0.234,11.239,135.369,0.044,,,124.086,,5688.374,0.906,,,,,2.034,2.214,3.940,0.651,1.450,0.240,5.830,0.963,,,34.427,0.050,0.020,0.000,0.050,0.010,0.000,,,0.030,,,,0.050,,13.400,12.310,2.605,41.360
El Salvador,2006,SLV,6079395,40054317056.000,0.533,0.088,6.718,0.420,6.670,1.105,0.168,0.185,0.004,0.001,9.325,1.534,0.233,11.772,142.087,0.048,,,130.267,,5985.292,0.908,,,,,2.105,2.283,4.060,0.668,1.390,0.229,6.181,1.017,,,36.387,0.050,0.020,0.000,0.050,0.010,0.000,,,0.030,,,,0.060,,13.880,12.800,2.607,38.800
El Salvador,2007,SLV,6105810,42202460160.000,0.521,0.085,6.846,0.128,1.900,1.121,0.162,0.180,0.004,0.001,9.424,1.543,0.223,12.294,148.932,0.051,,,136.587,,6213.651,0.899,,,,,2.190,2.367,4.130,0.676,1.490,0.244,6.321,1.035,,,37.939,0.050,0.020,0.000,0.050,0.010,0.000,,,0.030,,,,0.060,,14.450,13.370,2.578,37.670
El Salvador,2008,SLV,6131767,43393064960.000,0.516,0.084,6.405,-0.441,-6.440,1.044,0.148,0.172,0.004,0.001,9.333,1.522,0.215,12.810,155.337,0.055,,,142.472,,6072.371,0.858,,,,,2.089,2.265,4.200,0.685,1.570,0.256,5.885,0.960,,,37.234,0.050,0.020,0.000,0.050,0.010,0.000,,,0.030,,,,0.050,,13.890,12.810,2.928,45.710
El Salvador,2009,SLV,6157678,42668179456.000,0.479,0.078,6.312,-0.092,-1.440,1.025,0.148,0.176,0.004,0.001,8.165,1.326,0.191,13.289,161.650,0.059,,,148.302,,5829.520,0.841,,,,,2.020,2.196,4.130,0.671,1.480,0.240,5.830,0.947,,,35.896,0.040,0.020,0.000,0.050,0.010,0.000,,,0.030,,,,0.050,,13.520,12.440,1.853,29.350
El Salvador,2010,SLV,6183877,43862777856.000,0.507,0.082,6.319,0.006,0.100,1.022,0.144,0.170,0.004,0.001,8.434,1.364,0.192,13.796,167.968,0.062,,,154.110,,6014.149,0.848,,,,,1.971,2.146,4.000,0.647,1.490,0.241,5.808,0.939,,,37.191,0.040,0.020,0.000,0.050,0.010,0.000,,,0.030,,,,0.050,,13.270,12.190,2.116,33.480
El Salvador,2011,SLV,6210567,45520506880.000,0.516,0.083,6.499,0.181,2.860,1.046,0.143,0.175,0.004,0.001,9.134,1.471,0.201,14.312,174.468,0.066,,,160.089,,5987.717,0.817,,,,,1.948,2.122,3.690,0.594,1.450,0.233,5.980,0.963,,,37.187,0.040,0.020,0.000,0.050,0.010,0.000,,,0.030,,,,0.050,,13.180,12.100,2.634,40.530
El Salvador,2012,SLV,6237922,46608113664.000,0.536,0.086,6.472,-0.028,-0.420,1.038,0.139,0.173,0.004,0.001,8.747,1.402,0.188,14.848,180.939,0.070,,,166.021,,6006.414,0.804,,,,,1.964,2.139,3.860,0.619,1.420,0.228,5.932,0.951,,,37.468,0.040,0.020,0.000,0.050,0.010,0.000,,,0.030,,,,0.050,,13.340,12.250,2.276,35.160
El Salvador,2013,SLV,6266076,48017379328.000,0.466,0.074,6.094,-0.377,-5.830,0.973,0.127,0.167,0.004,0.001,8.654,1.381,0.180,15.315,187.034,0.073,,,171.646,,5837.131,0.762,,,,,1.832,2.009,3.530,0.563,1.290,0.206,5.625,0.898,,,36.576,0.030,0.020,0.000,0.050,0.010,0.000,,,0.030,,,,0.050,,12.590,11.480,2.559,41.990
El Salvador,2014,SLV,6295124,49026875392.000,0.388,0.062,6.151,0.057,0.930,0.977,0.125,0.165,0.004,0.001,8.551,1.358,0.174,15.702,193.185,0.077,,,177.406,,5933.675,0.762,,,,,1.871,2.043,3.720,0.591,1.210,0.192,5.760,0.915,,,37.353,0.030,0.020,0.000,0.050,0.010,0.000,,,0.030,,,,0.050,,12.860,11.780,2.400,39.020
El Salvador,2015,SLV,6325121,50319724544.000,0.388,0.061,6.675,0.524,8.520,1.055,0.133,0.173,0.004,0.001,8.602,1.360,0.171,16.090,199.860,0.081,,,183.690,,6109.708,0.768,,,,,1.932,2.107,3.710,0.587,1.270,0.201,6.284,0.993,,,38.645,0.030,0.020,0.000,0.050,0.010,0.000,,,0.030,,,,0.050,,13.330,12.220,1.927,28.860
El Salvador,2016,SLV,6356137,51736932352.000,0.388,0.061,6.646,-0.030,-0.440,1.046,0.128,0.171,0.004,0.001,8.458,1.331,0.163,16.478,206.506,0.084,,,189.944,,6128.892,0.753,,,,,1.927,2.097,3.580,0.563,1.200,0.189,6.254,0.984,,,38.956,0.030,0.020,0.000,0.040,0.010,0.000,,,0.030,,,,0.050,,13.330,12.250,1.813,27.270
El Salvador,2017,SLV,6388124,53130547200.000,0.388,0.061,6.016,-0.630,-9.480,0.942,0.113,0.156,0.004,0.001,8.004,1.253,0.151,16.865,212.522,0.088,,,195.569,,6047.287,0.727,,,,,1.797,1.971,3.550,0.556,1.250,0.196,5.624,0.881,,,38.631,0.030,0.020,0.000,0.040,0.010,0.000,,,0.040,,,,0.050,,12.590,11.480,1.988,33.050
El Salvador,2018,SLV,6420740,54756343808.000,0.388,0.060,6.371,0.355,5.910,0.992,0.116,0.153,0.004,0.001,8.365,1.303,0.153,17.253,218.893,0.092,,,201.549,,6487.490,0.761,,,,,1.842,2.012,3.500,0.545,1.170,0.182,5.980,0.931,,,41.654,0.020,0.020,0.000,0.040,0.010,0.000,,,0.040,,,,0.050,,12.920,11.830,1.994,31.300
El Salvador,2019,SLV,6453550,,0.388,0.060,6.853,0.481,7.560,1.062,,0.150,0.005,0.001,8.616,1.335,,17.641,225.746,0.097,,,208.008,,7069.966,,,,,,1.987,2.157,3.490,0.541,1.180,0.183,6.460,1.001,,,45.626,0.020,0.020,0.000,0.040,0.010,0.000,,,0.040,,,,0.050,,13.920,12.820,1.763,25.730
El Salvador,2020,SLV,6486201,,0.388,0.060,6.124,-0.729,-10.640,0.944,,,0.004,0.001,,,,18.028,231.870,0.101,,,213.740,,,,,,,,,,,,,,5.732,0.884,,,,0.020,0.020,0.000,0.040,0.010,0.000,,,0.040,,,,0.050,,,,,
Guatemala,1941,GTM,2378675,10131749888.000,0.011,0.005,0.011,,,0.005,0.001,,,,,,,0.011,0.011,,,,,,,,,,,,,,,,,,,,,,,0.030,0.000,,0.000,0.000,,,,,,,,,,,,,
Guatemala,1942,GTM,2447226,10264899584.000,0.011,0.004,0.011,0.000,0.000,0.004,0.001,,,,,,,0.022,0.022,,,,,,,,,,,,,,,,,,,,,,,0.030,0.000,,0.000,0.000,,,,,,,,,,,,,
Guatemala,1943,GTM,2521695,6844499968.000,0.011,0.004,0.011,0.000,0.000,0.004,0.002,,,,,,,0.033,0.033,,,,,,,,,,,,,,,,,,,,,,,0.030,0.000,,0.010,0.000,,,,,,,,,,,,,
Guatemala,1944,GTM,2598430,6632249856.000,0.011,0.004,0.011,0.000,0.000,0.004,0.002,,,,,,,0.044,0.044,,,,,,,,,,,,,,,,,,,,,,,0.050,0.000,,0.010,0.000,,,,,,,,,,,,,
Guatemala,1945,GTM,2677499,6736840192.000,0.015,0.005,0.015,0.004,33.330,0.005,0.002,,,,,,,0.058,0.058,,,,,,,,,,,,,,,,,,,,,,,0.060,0.000,,0.010,0.000,,,,,,,,,,,,,
Guatemala,1946,GTM,2758975,7977500160.000,0.015,0.005,0.015,0.000,0.000,0.005,0.002,,,,,,,0.073,0.073,,,,,,,,,,,,,,,,,,,,,,,0.040,0.000,,0.010,0.000,,,,,,,,,,,,,
Guatemala,1947,GTM,2842930,8090359808.000,0.015,0.005,0.015,0.000,0.000,0.005,0.002,,,,,,,0.087,0.087,,,,,,,,,,,,,,,,,,,,,,,0.030,0.000,,0.010,0.000,,,,,,,,,,,,,
Guatemala,1948,GTM,2929440,8366159872.000,0.015,0.005,0.015,0.000,0.000,0.005,0.002,,,,,,,0.102,0.102,,,,,,,,,,,,,,,,,,,,,,,0.030,0.000,,0.010,0.000,,,,,,,,,,,,,
Guatemala,1949,GTM,3020057,9152799744.000,0.018,0.006,0.018,0.004,25.000,0.006,0.002,,,,,,,0.120,0.120,,,,,,,,,,,,,,,,,,,,,,,0.030,0.000,,0.010,0.000,,,,,,,,,,,,,
Guatemala,1950,GTM,3114956,9865907200.000,0.022,0.007,0.619,0.601,3306.740,0.199,0.063,,,,,,,0.142,0.739,,,,0.597,,,,,,,,,,,,,,0.597,0.192,,,,0.030,0.010,,0.020,0.000,,,,0.000,,,,0.040,,,,,
Guatemala,1951,GTM,3212327,10004358144.000,0.029,0.009,0.637,0.018,2.950,0.198,0.064,,,,,,,0.171,1.376,,,,1.205,,,,,,,,,,,,,,0.608,0.189,,,,0.040,0.010,,0.020,0.000,,,,0.000,,,,0.030,,,,,
Guatemala,1952,GTM,3311525,10213516288.000,0.029,0.009,0.645,0.007,1.150,0.195,0.063,,,,,,,0.200,2.021,,,,1.821,,,,,,,,,,,,,,0.616,0.186,,,,0.040,0.010,,0.020,0.000,,,,0.010,,,,0.030,,,,,
Guatemala,1953,GTM,3413156,10588291072.000,0.029,0.009,0.681,0.037,5.680,0.200,0.064,,,,,,,0.229,2.702,,,,2.473,,,,,,,,,,,,,,0.652,0.191,,,,0.030,0.010,,0.020,0.000,,,,0.010,,,,0.030,,,,,
Guatemala,1954,GTM,3517654,10782944256.000,0.029,0.008,0.744,0.062,9.140,0.211,0.069,,,,,,,0.258,3.446,,,,3.188,,,,,,,,,,,,,,0.714,0.203,,,,0.030,0.010,,0.020,0.000,,,,0.010,,,,0.030,,,,,
Guatemala,1955,GTM,3625305,11053790208.000,0.040,0.011,0.916,0.172,23.150,0.253,0.083,,,,,,,0.298,4.361,,,,4.063,,,,,,,,,,,,,,0.876,0.242,,,,0.040,0.010,,0.020,0.000,,,,0.010,,,,0.040,,,,,
Guatemala,1956,GTM,3736231,12055894016.000,0.040,0.011,0.978,0.062,6.800,0.262,0.081,,,,,,,0.338,5.339,,,,5.001,,,,,,,,,,,,,,0.938,0.251,,,,0.030,0.010,,0.020,0.000,,,,0.010,,,,0.040,,,,,
Guatemala,1957,GTM,3850435,12737280000.000,0.047,0.012,0.985,0.007,0.740,0.256,0.077,,,,,,,0.385,6.325,,,,5.939,,,,,,,,,,,,,,0.938,0.244,,,,0.040,0.010,,0.020,0.000,,,,0.010,,,,0.040,,,,,
Guatemala,1958,GTM,3967743,13335209984.000,0.058,0.015,1.128,0.143,14.490,0.284,0.085,,,,,,,0.443,7.453,,,,7.009,,,,,,,,,,,,,,1.070,0.270,,,,0.040,0.010,,0.030,0.000,,,,0.020,,,,0.040,,,,,
Guatemala,1959,GTM,4087921,13990280192.000,0.058,0.014,1.238,0.110,9.740,0.303,0.089,,,,,,,0.502,8.691,,,,8.189,,,,,,,,,,,,,,1.180,0.289,,,,0.040,0.010,,0.030,0.000,,,,0.020,,,,0.040,,,,,
Guatemala,1960,GTM,4210751,14333599744.000,0.055,0.013,1.344,0.106,8.590,0.319,0.094,,,,,,,0.556,10.035,,,,9.479,,,,,,,,,,,,,,1.290,0.306,,,,0.030,0.010,,0.030,0.000,,,,0.020,,,,0.040,,,,,
Guatemala,1961,GTM,4336132,14947424256.000,0.062,0.014,1.406,0.062,4.630,0.324,0.094,,,,,,,0.618,11.441,,,,10.823,,,,,,,,,,,,,,1.345,0.310,,,,0.040,0.010,,0.030,0.000,,,,0.020,,,,0.040,,,,,
Guatemala,1962,GTM,4464251,15472280576.000,0.058,0.013,1.381,-0.026,-1.820,0.309,0.089,,,,,,,0.676,12.822,,,,12.146,,,,,,,,,,,,,,1.323,0.296,,,,0.030,0.010,,0.030,0.000,,,,0.020,,,,0.040,,,,,
Guatemala,1963,GTM,4595509,16951572480.000,0.076,0.017,1.520,0.139,10.070,0.331,0.090,,,,,,,0.752,14.342,,,,13.590,,,,,,,,,,,,,,1.444,0.314,,,,0.040,0.010,,0.030,0.000,,,,0.020,,,,0.040,,,,,
Guatemala,1964,GTM,4730533,17735100416.000,0.091,0.019,1.769,0.249,16.380,0.374,0.100,,,,,,,0.843,16.111,,,,15.268,,,,,,,,,,,,,,1.678,0.355,,,,0.040,0.020,,0.030,0.000,,,,0.020,,,,0.040,,,,,
Guatemala,1965,GTM,4869714,18509400064.000,0.116,0.024,1.974,0.205,11.590,0.405,0.107,,,,,,,0.959,18.085,,,,17.126,,,,,,,,,,,,,,1.858,0.382,,,,0.050,0.020,,0.030,0.010,,,,0.020,,,,0.040,,,,,
Guatemala,1966,GTM,5013167,19531819008.000,0.098,0.020,1.740,-0.234,-11.870,0.347,0.089,,,,,,,1.058,19.825,,,,18.767,,,,,,,,,,,,,,1.641,0.327,,,,0.040,0.010,,0.030,0.010,,,,0.020,,,,0.030,,,,,
Guatemala,1967,GTM,5160616,20331388928.000,0.109,0.021,1.981,0.242,13.900,0.384,0.097,,,,,,,1.167,21.806,,,,20.639,,,,,,,,,,,,,,1.872,0.363,,,,0.050,0.020,,0.030,0.010,,,,0.030,,,,0.040,,,,,
Guatemala,1968,GTM,5311610,22122326016.000,0.087,0.016,2.139,0.158,7.960,0.403,0.097,,,,,,,1.254,23.945,,,,22.691,,,,,,,,,,,,,,2.052,0.386,,,,0.030,0.020,,0.030,0.010,,,,0.030,,,,0.040,,,,,
Guatemala,1969,GTM,5465515,23164047360.000,0.109,0.020,2.278,0.139,6.500,0.417,0.098,,,,,,,1.363,26.223,,,,24.860,,,,,,,,,,,,,,2.169,0.397,,,,0.040,0.020,,0.030,0.010,,,,0.030,,,,0.040,,,,,
Guatemala,1970,GTM,5621794,24493391872.000,0.109,0.019,2.296,0.018,0.800,0.408,0.094,,,,,,,1.472,28.520,,,,27.048,,,,,,,,,,,,,,2.187,0.389,,,,0.040,0.020,,0.030,0.010,,,,0.030,,,,0.030,,,,,
Guatemala,1971,GTM,5780477,25853384704.000,0.113,0.020,2.439,0.143,6.220,0.422,0.094,,,,,,,1.585,30.959,,,,29.374,,,,,,,,,,,,,,2.327,0.403,,,,0.040,0.020,,0.030,0.010,,,,0.030,,,,0.030,,,,,
Guatemala,1972,GTM,5941567,27753869312.000,0.131,0.022,2.707,0.267,10.960,0.456,0.097,,,,,,,1.715,33.665,,,,31.950,,,,,,,,,,,,,,2.576,0.433,,,,0.040,0.020,,0.040,0.010,,,,0.030,,,,0.030,,,,,
Guatemala,1973,GTM,6104528,29632944128.000,0.153,0.025,2.934,0.227,8.390,0.481,0.099,,,,,,,1.868,36.599,,,,34.731,,,,,,,,,,,,,,2.781,0.456,,,,0.050,0.020,,0.040,0.010,,,,0.030,,,,0.030,,,,,
Guatemala,1974,GTM,6268707,31526352896.000,0.153,0.024,3.066,0.132,4.500,0.489,0.097,,,,,,,2.021,39.665,,,,37.644,,,,,,,,,,,,,,2.913,0.465,,,,0.050,0.020,,0.040,0.010,,,,0.030,,,,0.040,,,,,
Guatemala,1975,GTM,6433723,32144490496.000,0.193,0.030,3.520,0.454,14.810,0.547,0.109,,,,,,,2.213,43.184,,,,40.971,,,,,,,,,,,,,,3.327,0.517,,,,0.060,0.020,,0.040,0.010,,,,0.030,,,,0.040,,,,,
Guatemala,1976,GTM,6599211,34520956928.000,0.220,0.033,3.305,-0.215,-6.100,0.501,0.096,,,,,,,2.433,46.489,,,,44.056,,,,,,,,,,,,,,3.085,0.468,,,,0.060,0.020,,0.040,0.010,,,,0.030,,,,0.040,,,,,
Guatemala,1977,GTM,6765516,37212983296.000,0.239,0.035,3.804,0.500,15.120,0.562,0.102,,,,,,,2.672,50.293,,,,47.621,,,,,,,,,,,,,,3.565,0.527,,,,0.070,0.020,,0.040,0.010,,,,0.030,,,,0.040,,,,,
Guatemala,1978,GTM,6933909,39065976832.000,0.248,0.036,4.117,0.313,8.220,0.594,0.105,,,,,,,2.920,54.411,,,,51.490,,,,,,,,,,,,,,3.869,0.558,,,,0.060,0.020,,0.040,0.010,,,,0.030,,,,0.040,,,,,
Guatemala,1979,GTM,7106144,40911806464.000,0.274,0.038,4.678,0.561,13.620,0.658,0.114,,,,,,,3.194,59.089,,,,55.894,,,,,,,,,,,,,,4.404,0.620,,,,0.070,0.020,,0.040,0.010,,,,0.030,,,,0.050,,,,,
Guatemala,1980,GTM,7283456,42453598208.000,0.268,0.037,4.493,-0.185,-3.960,0.617,0.106,0.238,,,,,,3.462,63.581,,,,60.119,,2596.318,0.445,,,,,,,,,,,4.225,0.580,,,18.910,0.070,0.020,,0.040,0.010,,,,0.030,,,,0.050,,,,,
Guatemala,1981,GTM,7466481,42722222080.000,0.241,0.032,3.949,-0.543,-12.090,0.529,0.092,0.247,,,,,,3.704,67.531,,,0.029,63.798,,2140.273,0.374,,,0.029,0.004,,,,,,,3.679,0.493,,,15.980,0.060,0.020,,0.050,0.010,,,0.000,0.030,,,0.000,0.040,,,,,
Guatemala,1982,GTM,7654818,41220648960.000,0.236,0.031,3.607,-0.343,-8.680,0.471,0.087,0.220,,,,,,3.940,71.138,,,0.088,67.110,,2146.065,0.399,,,0.059,0.008,,,,,,,3.312,0.433,,,16.428,0.060,0.020,,0.050,0.010,,,0.000,0.030,,,0.000,0.040,,,,,
Guatemala,1983,GTM,7847468,40150564864.000,0.206,0.026,3.160,-0.447,-12.390,0.403,0.079,0.176,,,,,,4.146,74.297,,,0.150,70.001,,2293.771,0.448,,,0.062,0.008,,,,,,,2.891,0.368,,,18.000,0.050,0.020,,0.050,0.010,,,0.000,0.030,,,0.000,0.040,,,,,
Guatemala,1984,GTM,8042895,40361218048.000,0.191,0.024,3.401,0.241,7.630,0.423,0.084,0.218,,,,,,4.338,77.698,,,0.183,73.177,,1944.433,0.387,,,0.033,0.004,,,,,,,3.177,0.395,,,15.639,0.050,0.020,,0.050,0.010,,,0.000,0.030,,,0.000,0.040,,,,,
Guatemala,1985,GTM,8240059,40118652928.000,0.240,0.029,3.497,0.096,2.820,0.424,0.087,0.199,,,,,,4.577,81.195,,,,76.435,,2135.448,0.439,,,,,,,,,,,3.257,0.395,,,17.596,0.060,0.020,,0.050,0.010,,,,0.030,,,,0.040,,,,,
Guatemala,1986,GTM,8438599,40163520512.000,0.290,0.034,3.665,0.168,4.800,0.434,0.091,0.192,,,,,,4.868,84.860,,,0.205,79.787,,2255.411,0.474,,,0.022,0.003,,,,,,,3.352,0.397,,,19.033,0.070,0.020,,0.050,0.010,,,0.000,0.030,,,0.000,0.040,,,,,
Guatemala,1987,GTM,8639105,41599680512.000,0.588,0.068,3.918,0.254,6.930,0.454,0.094,0.205,,,,,,5.456,88.778,,,0.242,83.081,,2217.268,0.460,,,0.037,0.004,,,,,,,3.294,0.381,,,19.155,0.130,0.020,,0.050,0.010,,,0.000,0.030,,,0.000,0.040,,,,,
Guatemala,1988,GTM,8842571,43210657792.000,0.352,0.040,4.075,0.157,4.000,0.461,0.094,0.194,,,,,,5.808,92.854,,,0.267,86.778,,2375.183,0.486,,,0.026,0.003,,,,,,,3.697,0.418,,,21.003,0.070,0.020,,0.050,0.010,,,0.000,0.030,,,0.000,0.040,,,,,
Guatemala,1989,GTM,9050464,44912263168.000,0.382,0.042,4.188,0.113,2.770,0.463,0.093,0.191,,,,,,6.190,97.042,,,0.286,90.566,,2426.990,0.489,,,0.018,0.002,,,,,,,3.788,0.419,,,21.965,0.080,0.020,,0.050,0.010,,,0.000,0.030,,,0.000,0.040,,,,,
Guatemala,1990,GTM,9263820,46309388288.000,0.725,0.078,4.972,0.784,18.720,0.537,0.107,0.212,,,6.718,0.725,0.145,6.915,102.014,,,0.304,94.795,,2530.521,0.506,,,0.018,0.002,1.220,3.010,5.270,0.569,2.540,0.274,4.229,0.456,,,23.442,0.150,0.020,,0.060,0.010,,,0.000,0.040,,,0.000,0.050,,27.880,11.300,1.746,35.110
Guatemala,1991,GTM,9483273,47626485760.000,0.621,0.065,4.951,-0.021,-0.420,0.522,0.104,0.217,,,6.738,0.711,0.141,7.535,106.965,,,0.319,99.111,,2403.278,0.479,,,0.015,0.002,1.230,2.978,5.380,0.567,2.690,0.284,4.316,0.455,,,22.791,0.120,0.020,,0.060,0.010,,,0.000,0.040,,,0.000,0.040,,28.240,11.660,1.787,36.090
Guatemala,1992,GTM,9708552,50269765632.000,0.603,0.062,5.919,0.968,19.550,0.610,0.118,0.236,,,8.034,0.827,0.160,8.138,112.884,,,0.337,104.409,,2584.209,0.499,,,0.018,0.002,1.325,3.032,5.660,0.583,2.820,0.290,5.298,0.546,,,25.089,0.110,0.030,,0.060,0.010,,,0.000,0.040,,,0.000,0.060,,29.440,12.860,2.114,35.720
Guatemala,1993,GTM,9938699,52486725632.000,0.481,0.048,5.578,-0.341,-5.770,0.561,0.106,0.208,,,7.525,0.757,0.143,8.619,118.462,,,0.355,109.487,,2697.113,0.511,,,0.018,0.002,1.358,3.027,5.890,0.593,2.940,0.296,5.078,0.511,,,26.806,0.090,0.020,,0.060,0.010,,,0.000,0.040,,,0.000,0.060,,30.080,13.500,1.947,34.910
Guatemala,1994,GTM,10172303,54315614208.000,0.515,0.051,6.751,1.173,21.040,0.664,0.124,0.226,,,8.567,0.842,0.158,9.135,125.213,,,0.374,115.705,,2942.206,0.551,,,0.018,0.002,1.347,2.977,5.770,0.567,2.940,0.289,6.218,0.611,,,29.929,0.090,0.030,,0.060,0.010,,,0.000,0.040,,,0.000,0.070,,30.280,13.700,1.816,26.900
Guatemala,1995,GTM,10408486,56765521920.000,0.494,0.047,7.079,0.327,4.850,0.680,0.125,0.221,,,9.084,0.873,0.160,9.629,132.292,,,0.396,122.267,,3076.607,0.564,,,0.022,0.002,1.415,3.008,5.820,0.559,2.990,0.287,6.562,0.631,,,32.023,0.080,0.030,,0.060,0.010,,,0.000,0.040,,,0.000,0.070,,31.310,14.730,2.006,28.330
Guatemala,1996,GTM,10646676,58479763456.000,0.467,0.044,6.571,-0.507,-7.170,0.617,0.112,0.198,,,8.693,0.817,0.149,10.096,138.863,,,0.418,128.350,,3110.449,0.566,,,0.022,0.002,1.367,2.967,6.230,0.585,3.020,0.284,6.082,0.571,,,33.116,0.070,0.030,,0.060,0.010,,,0.000,0.040,,,0.000,0.060,,31.590,14.550,2.122,32.290
Guatemala,1997,GTM,10887637,61052264448.000,0.548,0.050,7.502,0.931,14.160,0.689,0.123,0.210,,,10.142,0.932,0.166,10.643,146.365,,,0.440,135.282,,3285.247,0.586,,,0.022,0.002,1.386,2.925,6.120,0.562,3.020,0.277,6.932,0.637,,,35.769,0.080,0.030,,0.070,0.020,,,0.000,0.040,,,0.000,0.070,,31.850,15.090,2.640,35.190
Guatemala,1998,GTM,11133502,64137048064.000,0.641,0.058,8.639,1.138,15.160,0.776,0.135,0.205,,,12.011,1.079,0.187,11.284,155.004,,,,143.280,,3778.234,0.656,,,,,1.512,3.190,7.590,0.682,3.470,0.312,7.999,0.718,,,42.065,0.100,0.040,,0.070,0.020,,,,0.040,,,,0.080,,35.520,16.830,3.372,39.030
Guatemala,1999,GTM,11387208,66900680704.000,0.683,0.060,8.806,0.166,1.930,0.773,0.132,0.194,0.040,0.004,12.170,1.069,0.182,11.967,163.810,0.040,,,151.363,,3980.410,0.678,,,,,1.522,3.001,6.580,0.578,3.200,0.281,8.083,0.710,,,45.326,0.100,0.040,0.000,0.070,0.020,0.000,,,0.040,,,,0.080,,34.170,17.330,3.365,38.210
Guatemala,2000,GTM,11650744,68715679744.000,0.835,0.072,9.765,0.959,10.890,0.838,0.142,0.205,0.571,0.049,12.940,1.111,0.188,12.802,173.575,0.612,,,159.721,,4088.206,0.693,,,,,1.601,3.128,7.340,0.630,3.490,0.300,8.358,0.717,,,47.631,0.120,0.040,0.010,0.070,0.020,0.000,,,0.040,,,,0.080,,36.440,18.650,3.175,32.520
Guatemala,2001,GTM,11924941,70380544000.000,0.846,0.071,10.233,0.468,4.800,0.858,0.145,0.206,0.531,0.045,13.925,1.168,0.198,13.648,183.808,1.143,,,168.577,,4163.154,0.705,,,,,1.622,2.774,6.300,0.528,3.160,0.265,8.856,0.743,,,49.645,0.110,0.040,0.010,0.070,0.020,0.000,,,0.040,,,,0.090,,33.080,19.340,3.692,36.080
Guatemala,2002,GTM,12208854,73277358080.000,0.840,0.069,10.722,0.488,4.770,0.878,0.146,0.214,1.033,0.085,15.793,1.294,0.215,14.488,194.530,2.176,,,177.426,,4110.029,0.685,,,,,1.681,2.813,6.810,0.558,3.250,0.266,8.849,0.725,,,50.179,0.110,0.040,0.010,0.070,0.020,0.000,,,0.050,,,,0.090,,34.340,20.520,5.072,47.300
Guatemala,2003,GTM,12500479,75358445568.000,0.834,0.067,10.448,-0.274,-2.550,0.836,0.139,0.190,0.978,0.078,13.935,1.115,0.185,15.322,204.978,3.154,,,186.062,,4407.350,0.731,,,,,1.662,2.879,7.370,0.590,4.260,0.341,8.636,0.691,,,55.094,0.100,0.040,0.010,0.070,0.020,0.000,,,0.050,,,,0.080,,35.990,20.770,3.487,33.380
Guatemala,2004,GTM,12796926,78110564352.000,0.910,0.071,11.180,0.732,7.010,0.874,0.143,0.215,1.129,0.088,14.649,1.145,0.188,16.232,216.158,4.283,,,195.204,,4062.843,0.666,,,,,1.657,2.732,6.810,0.532,3.560,0.278,9.142,0.714,,,51.992,0.100,0.040,0.010,0.080,0.020,0.000,,,0.050,,,,0.080,,34.960,21.210,3.469,31.020
Guatemala,2005,GTM,13096028,80887496704.000,0.985,0.075,12.109,0.929,8.310,0.925,0.150,0.226,1.561,0.119,16.337,1.247,0.202,17.217,228.267,5.844,,,204.767,,4098.625,0.664,,,,,1.722,2.831,7.540,0.576,4.180,0.319,9.563,0.730,,,53.676,0.100,0.040,0.010,0.080,0.020,0.000,,,0.050,,,,0.090,,37.080,22.550,4.228,34.920
Guatemala,2006,GTM,13397022,85203984384.000,0.976,0.073,12.177,0.067,0.560,0.909,0.143,0.214,1.689,0.126,16.883,1.260,0.198,18.193,240.444,7.533,,,214.278,,4247.786,0.668,,,,,1.685,2.717,7.240,0.540,3.790,0.283,9.512,0.710,,,56.908,0.090,0.040,0.010,0.080,0.020,0.000,,,0.050,,,,0.080,,36.400,22.580,4.707,38.660
Guatemala,2007,GTM,13700326,90478133248.000,1.002,0.073,12.145,-0.032,-0.260,0.887,0.134,0.199,1.187,0.087,16.853,1.230,0.186,19.195,252.589,8.720,,,224.234,,4452.815,0.674,,,,,1.755,2.777,7.770,0.567,4.000,0.292,9.956,0.727,,,61.005,0.090,0.040,0.010,0.080,0.020,0.000,,,0.050,,,,0.090,,38.050,24.050,4.708,38.760
Guatemala,2008,GTM,14006420,93355040768.000,0.993,0.071,10.893,-1.252,-10.310,0.778,0.117,0.192,1.183,0.084,16.180,1.155,0.173,20.188,263.482,9.903,,,232.951,,4045.130,0.607,,,,,1.631,2.620,7.930,0.566,3.640,0.260,8.717,0.622,,,56.658,0.090,0.030,0.010,0.080,0.020,0.000,,,0.050,,,,0.080,,36.690,22.850,5.287,48.540
Guatemala,2009,GTM,14316251,93747200000.000,0.593,0.041,11.442,0.549,5.040,0.799,0.122,0.192,0.769,0.054,15.439,1.078,0.165,20.781,274.924,10.673,,,243.030,,4155.611,0.635,,,,,1.692,2.677,8.430,0.589,4.140,0.289,10.080,0.704,,,59.493,0.050,0.040,0.010,0.080,0.020,0.000,,,0.050,,,,0.090,,38.330,24.220,3.997,34.930
Guatemala,2010,GTM,14630420,96368689152.000,1.099,0.075,11.098,-0.344,-3.010,0.758,0.115,0.184,1.286,0.088,15.972,1.092,0.166,21.880,286.022,11.959,,,251.743,,4110.610,0.624,,,,,1.662,2.608,8.580,0.586,4.200,0.287,8.713,0.595,,,60.140,0.090,0.030,0.010,0.080,0.020,0.000,,,0.050,,,,0.080,,38.150,24.320,4.874,43.920
Guatemala,2011,GTM,14948792,100319617024.000,1.114,0.075,11.237,0.140,1.260,0.752,0.112,0.183,1.290,0.086,17.483,1.169,0.174,22.994,297.259,13.248,,,260.577,,4099.568,0.611,,,,,1.667,2.188,8.610,0.576,4.410,0.295,8.834,0.591,,,61.284,0.080,0.030,0.010,0.080,0.020,0.000,,,0.050,,,,0.080,,32.710,24.920,6.246,55.580
Guatemala,2012,GTM,15270774,103417749504.000,1.119,0.073,11.558,0.320,2.850,0.757,0.112,0.180,1.513,0.099,18.039,1.181,0.174,24.113,308.817,14.762,,,269.503,,4198.633,0.620,,,,,1.678,2.187,8.780,0.575,4.500,0.295,8.926,0.585,,,64.116,0.080,0.030,0.010,0.080,0.020,0.000,,,0.050,,,,0.080,,33.390,25.620,6.481,56.080
Guatemala,2013,GTM,15595821,107344740352.000,1.154,0.074,12.784,1.226,10.610,0.820,0.119,0.187,2.590,0.166,18.886,1.211,0.176,25.267,321.600,17.352,,,278.542,,4389.703,0.638,,,,,1.714,2.220,9.000,0.577,4.620,0.296,9.039,0.580,,,68.461,0.080,0.040,0.020,0.080,0.020,0.000,,,0.050,,,,0.080,,34.630,26.730,6.102,47.730
Guatemala,2014,GTM,15923238,111915376640.000,1.357,0.085,13.785,1.002,7.830,0.866,0.123,0.191,2.799,0.176,19.584,1.230,0.175,26.624,335.385,20.151,,,288.171,,4524.487,0.644,,,,,1.754,2.239,9.200,0.578,4.480,0.281,9.629,0.605,,,72.044,0.090,0.040,0.020,0.080,0.020,0.000,,,0.060,,,,0.080,,35.660,27.930,5.799,42.060
Guatemala,2015,GTM,16252425,116637179904.000,1.357,0.083,15.822,2.037,14.780,0.974,0.136,0.198,4.012,0.247,20.959,1.290,0.180,27.980,351.208,24.164,,,298.624,,4909.130,0.684,,,,,1.894,2.377,9.490,0.584,4.760,0.293,10.453,0.643,,,79.785,0.090,0.040,0.030,0.080,0.020,0.000,,,0.060,,,,0.090,,38.640,30.790,5.137,32.470
Guatemala,2016,GTM,16583078,120159256576.000,1.396,0.084,16.913,1.091,6.890,1.020,0.141,0.193,4.715,0.284,21.589,1.302,0.180,29.376,368.121,28.878,,,309.427,,5275.407,0.728,,,,,1.950,2.159,9.830,0.593,4.840,0.292,10.803,0.651,,,87.482,0.090,0.050,0.030,0.080,0.020,0.000,,,0.060,,,,0.090,,35.810,32.340,4.676,27.650
Guatemala,2017,GTM,16914978,123767644160.000,1.434,0.085,17.292,0.379,2.240,1.022,0.140,0.183,3.910,0.231,22.023,1.302,0.178,30.811,385.413,32.788,,,321.374,,5594.619,0.765,,,,,1.878,2.082,10.070,0.595,4.890,0.289,11.947,0.706,,,94.633,0.100,0.050,0.030,0.080,0.020,0.000,,,0.060,,,,0.100,,35.210,31.770,4.731,27.360
Guatemala,2018,GTM,17247856,127549980672.000,1.473,0.085,18.646,1.354,7.830,1.081,0.146,0.192,4.620,0.268,23.488,1.362,0.184,32.284,404.059,37.409,,,333.927,,5632.999,0.762,,,,,1.957,2.148,10.170,0.590,4.850,0.281,12.553,0.728,,,97.157,0.090,0.050,0.030,0.080,0.020,0.000,,,0.060,,,,0.100,,37.050,33.760,4.842,25.970
Guatemala,2019,GTM,17581476,,1.473,0.084,21.934,3.288,17.630,1.248,,0.219,6.909,0.393,26.126,1.486,,33.757,425.993,44.318,,,347.479,,5688.777,,,,,,1.996,2.189,10.450,0.594,4.990,0.284,13.552,0.771,,,100.017,0.090,0.060,0.050,0.080,0.030,0.010,,,0.060,,,,0.110,,38.490,35.100,4.191,19.110
Honduras,1950,HND,1546719,2888659968.000,,,0.300,,,0.194,0.104,,,,,,,,0.300,,,,0.300,,,,,,,,,,,,,,0.300,0.194,,,,,0.010,,,0.000,,,,0.000,,,,0.020,,,,,
Honduras,1951,HND,1588561,3045678592.000,,,0.348,0.048,15.850,0.219,0.114,,,,,,,,0.649,,,,0.649,,,,,,,,,,,,,,0.348,0.219,,,,,0.010,,,0.000,,,,0.000,,,,0.020,,,,,
Honduras,1952,HND,1631731,3160854528.000,,,0.359,0.011,3.160,0.220,0.114,,,,,,,,1.008,,,,1.008,,,,,,,,,,,,,,0.359,0.220,,,,,0.010,,,0.000,,,,0.000,,,,0.020,,,,,
Honduras,1953,HND,1676508,3411884032.000,,,0.333,-0.026,-7.140,0.199,0.098,,,,,,,,1.341,,,,1.341,,,,,,,,,,,,,,0.333,0.199,,,,,0.010,,,0.000,,,,0.000,,,,0.020,,,,,
Honduras,1954,HND,1723013,3217085184.000,,,0.377,0.044,13.190,0.219,0.117,,,,,,,,1.718,,,,1.718,,,,,,,,,,,,,,0.377,0.219,,,,,0.010,,,0.000,,,,0.000,,,,0.020,,,,,
Honduras,1955,HND,1771357,3301166848.000,,,0.436,0.059,15.530,0.246,0.132,,,,,,,,2.154,,,,2.154,,,,,,,,,,,,,,0.436,0.246,,,,,0.010,,,0.000,,,,0.010,,,,0.020,,,,,
Honduras,1956,HND,1821542,3567247872.000,,,0.454,0.018,4.200,0.249,0.127,,,,,,,,2.609,,,,2.609,,,,,,,,,,,,,,0.454,0.249,,,,,0.010,,,0.000,,,,0.010,,,,0.020,,,,,
Honduras,1957,HND,1873493,3730211840.000,,,0.575,0.121,26.610,0.307,0.154,,,,,,,,3.184,,,,3.184,,,,,,,,,,,,,,0.575,0.307,,,,,0.010,,,0.000,,,,0.010,,,,0.020,,,,,
Honduras,1958,HND,1927101,3851311616.000,,,0.586,0.011,1.910,0.304,0.152,,,,,,,,3.770,,,,3.770,,,,,,,,,,,,,,0.586,0.304,,,,,0.010,,,0.000,,,,0.010,,,,0.020,,,,,
Honduras,1959,HND,1982194,3947414272.000,0.004,0.002,0.586,-0.000,-0.010,0.296,0.148,,,,,,,0.004,4.356,,,,4.353,,,,,,,,,,,,,,0.583,0.294,,,,0.000,0.010,,0.000,0.000,,,,0.010,,,,0.020,,,,,
Honduras,1960,HND,2038636,4190171136.000,0.018,0.009,0.615,0.029,4.980,0.302,0.147,,,,,,,0.022,4.972,,,,4.950,,,,,,,,,,,,,,0.597,0.293,,,,0.010,0.010,,0.000,0.000,,,,0.010,,,,0.020,,,,,
Honduras,1961,HND,2096407,4299815936.000,0.022,0.010,0.736,0.121,19.640,0.351,0.171,,,,,,,0.044,5.708,,,,5.665,,,,,,,,,,,,,,0.714,0.341,,,,0.010,0.010,,0.000,0.000,,,,0.010,,,,0.020,,,,,
Honduras,1962,HND,2155648,4544012288.000,0.029,0.014,0.700,-0.037,-4.980,0.324,0.154,,,,,,,0.073,6.408,,,,6.335,,,,,,,,,,,,,,0.671,0.311,,,,0.020,0.010,,0.000,0.000,,,,0.010,,,,0.020,,,,,
Honduras,1963,HND,2216712,4715229696.000,0.029,0.013,0.711,0.011,1.570,0.321,0.151,,,,,,,0.102,7.118,,,,7.017,,,,,,,,,,,,,,0.682,0.307,,,,0.020,0.010,,0.000,0.000,,,,0.010,,,,0.020,,,,,
Honduras,1964,HND,2280044,4961632768.000,0.036,0.016,0.722,0.011,1.540,0.316,0.145,,,,,,,0.138,7.840,,,,7.702,,,,,,,,,,,,,,0.685,0.301,,,,0.020,0.010,,0.010,0.000,,,,0.010,,,,0.020,,,,,
Honduras,1965,HND,2346005,5389673984.000,0.047,0.020,0.751,0.029,4.050,0.320,0.139,,,,,,,0.185,8.591,,,,8.405,,,,,,,,,,,,,,0.703,0.300,,,,0.020,0.010,,0.010,0.000,,,,0.010,,,,0.020,,,,,
Honduras,1966,HND,2414805,5705854464.000,0.051,0.021,0.806,0.055,7.320,0.334,0.141,,,,,,,0.236,9.396,,,,9.160,,,,,,,,,,,,,,0.755,0.313,,,,0.020,0.010,,0.010,0.000,,,,0.010,,,,0.020,,,,,
Honduras,1967,HND,2486418,6026660352.000,0.055,0.022,0.875,0.070,8.640,0.352,0.145,,,,,,,0.291,10.271,,,,9.981,,,,,,,,,,,,,,0.821,0.330,,,,0.020,0.010,,0.010,0.000,,,,0.010,,,,0.020,,,,,
Honduras,1968,HND,2560723,6381908992.000,0.065,0.025,1.223,0.348,39.760,0.478,0.192,,,,,,,0.356,11.495,,,,11.139,,,,,,,,,,,,,,1.158,0.452,,,,0.030,0.010,,0.010,0.000,,,,0.010,,,,0.020,,,,,
Honduras,1969,HND,2637515,6434031616.000,0.065,0.025,1.176,-0.048,-3.890,0.446,0.183,,,,,,,0.422,12.670,,,,12.249,,,,,,,,,,,,,,1.110,0.421,,,,0.020,0.010,,0.010,0.000,,,,0.010,,,,0.020,,,,,
Honduras,1970,HND,2716652,6600752640.000,0.076,0.028,1.388,0.212,18.070,0.511,0.210,,,,,,,0.498,14.058,,,,13.560,,,,,,,,,,,,,,1.312,0.483,,,,0.030,0.010,,0.010,0.000,,,,0.010,,,,0.020,,,,,
Honduras,1971,HND,2798125,6865540096.000,0.079,0.028,1.329,-0.059,-4.270,0.475,0.193,,,,,,,0.577,15.387,,,,14.810,,,,,,,,,,,,,,1.249,0.447,,,,0.030,0.010,,0.010,0.000,,,,0.010,,,,0.020,,,,,
Honduras,1972,HND,2882102,7258677248.000,0.093,0.032,1.533,0.204,15.370,0.532,0.211,,,,,,,0.670,16.920,,,,16.250,,,,,,,,,,,,,,1.440,0.500,,,,0.030,0.010,,0.010,0.000,,,,0.010,,,,0.020,,,,,
Honduras,1973,HND,2968978,7829936128.000,0.114,0.038,1.506,-0.027,-1.760,0.507,0.192,,,,,,,0.784,18.426,,,,17.642,,,,,,,,,,,,,,1.392,0.469,,,,0.030,0.010,,0.020,0.000,,,,0.010,,,,0.020,,,,,
Honduras,1974,HND,3059245,7734149632.000,0.102,0.034,1.553,0.047,3.130,0.508,0.201,,,,,,,0.887,19.980,,,,19.093,,,,,,,,,,,,,,1.451,0.474,,,,0.030,0.010,,0.020,0.000,,,,0.010,,,,0.020,,,,,
Honduras,1975,HND,3153252,7899072512.000,0.140,0.045,1.661,0.107,6.920,0.527,0.210,,,,,,,1.027,21.641,,,,20.614,,,,,,,,,,,,,,1.521,0.482,,,,0.040,0.010,,0.020,0.000,,,,0.010,,,,0.020,,,,,
Honduras,1976,HND,3251145,8728614912.000,0.122,0.038,1.771,0.110,6.610,0.545,0.203,,,,,,,1.149,23.411,,,,22.262,,,,,,,,,,,,,,1.649,0.507,,,,0.040,0.010,,0.020,0.000,,,,0.020,,,,0.020,,,,,
Honduras,1977,HND,3352825,9635930112.000,0.117,0.035,1.993,0.223,12.580,0.595,0.207,,,,,,,1.266,25.405,,,,24.138,,,,,,,,,,,,,,1.876,0.559,,,,0.030,0.010,,0.020,0.000,,,,0.020,,,,0.020,,,,,
Honduras,1978,HND,3458102,10603299840.000,0.127,0.037,2.039,0.046,2.310,0.590,0.192,,,,,,,1.393,27.444,,,,26.051,,,,,,,,,,,,,,1.913,0.553,,,,0.030,0.010,,0.020,0.000,,,,0.020,,,,0.020,,,,,
Honduras,1979,HND,3566661,11093014528.000,0.105,0.030,1.923,-0.117,-5.720,0.539,0.173,,,,,,,1.498,29.367,,,,27.868,,,,,,,,,,,,,,1.817,0.510,,,,0.030,0.010,,0.020,0.010,,,,0.020,,,,0.020,,,,,
Honduras,1980,HND,3678274,11170076672.000,0.206,0.056,2.038,0.115,5.990,0.554,0.182,0.211,,,,,,1.704,31.405,,,,29.700,,2624.535,0.864,,,,,,,,,,,1.832,0.498,,,9.654,0.050,0.010,,0.020,0.010,,,,0.020,,,,0.020,,,,,
Honduras,1981,HND,3792922,11451429888.000,0.141,0.037,1.808,-0.230,-11.290,0.477,0.158,0.197,,,,,,1.845,33.213,,,,31.368,,2423.281,0.803,,,,,,,,,,,1.667,0.440,,,9.191,0.040,0.010,,0.020,0.010,,,,0.020,,,,0.020,,,,,
Honduras,1982,HND,3910642,11293337600.000,0.126,0.032,1.749,-0.058,-3.230,0.447,0.155,0.189,,,,,,1.971,34.962,,,,32.991,,2369.982,0.821,,,,,,,,,,,1.623,0.415,,,9.268,0.030,0.010,,0.020,0.010,,,,0.020,,,,0.020,,,,,
Honduras,1983,HND,4031333,11192001536.000,0.218,0.054,1.976,0.227,12.970,0.490,0.177,0.201,,,,,,2.189,36.939,,,,34.749,,2442.260,0.880,,,,,,,,,,,1.759,0.436,,,9.846,0.050,0.010,,0.020,0.010,,,,0.020,,,,0.020,,,,,
Honduras,1984,HND,4154863,11678661632.000,0.239,0.058,1.957,-0.019,-0.970,0.471,0.168,0.197,,,,,,2.428,38.896,,,,36.468,,2395.764,0.852,,,,,,,,,,,1.718,0.414,,,9.954,0.060,0.010,,0.030,0.010,,,,0.020,,,,0.020,,,,,
Honduras,1985,HND,4281167,12164889600.000,0.153,0.036,1.886,-0.072,-3.660,0.440,0.155,0.202,,,,,,2.581,40.782,,,,38.201,,2179.698,0.767,,,,,,,,,,,1.733,0.405,,,9.332,0.040,0.010,,0.030,0.010,,,,0.020,,,,0.020,,,,,
Honduras,1986,HND,4410270,12256583680.000,0.158,0.036,1.825,-0.061,-3.220,0.414,0.149,0.166,,,,,,2.739,42.607,,,,39.868,,2495.864,0.898,,,,,,,,,,,1.667,0.378,,,11.007,0.040,0.010,,0.030,0.010,,,,0.020,,,,0.020,,,,,
Honduras,1987,HND,4542218,12996597760.000,0.195,0.043,2.144,0.319,17.490,0.472,0.165,0.202,,,,,,2.934,44.751,,,,41.817,,2336.870,0.817,,,,,,,,,,,1.949,0.429,,,10.615,0.040,0.010,,0.030,0.010,,,,0.020,,,,0.020,,,,,
Honduras,1988,HND,4677023,13594610688.000,0.241,0.052,2.465,0.321,14.960,0.527,0.181,0.185,,,,,,3.174,47.216,,,,44.041,,2853.602,0.982,,,,,,,,,,,2.224,0.475,,,13.346,0.050,0.010,,0.030,0.010,,,,0.020,,,,0.020,,,,,
Honduras,1989,HND,4814696,14187663360.000,0.277,0.058,2.680,0.215,8.730,0.557,0.189,0.174,,,,,,3.451,49.896,,,,46.445,,3202.684,1.087,,,,,,,,,,,2.404,0.499,,,15.420,0.060,0.010,,0.030,0.010,,,,0.020,,,,0.030,,,,,
Honduras,1990,HND,4955302,14201085952.000,0.277,0.056,2.417,-0.264,-9.830,0.488,0.170,0.140,0.004,0.001,3.220,0.650,0.227,3.728,52.313,0.004,,,48.581,,3488.297,1.217,,,,,2.286,3.475,7.230,1.459,1.990,0.402,2.137,0.431,,,17.286,0.060,0.010,0.000,0.030,0.010,0.000,,,0.020,,,,0.020,,17.220,11.330,0.804,33.260
Honduras,1991,HND,5098594,14777669632.000,0.291,0.057,2.439,0.022,0.900,0.478,0.165,0.141,0.004,0.001,3.288,0.645,0.222,4.019,54.751,0.007,,,50.725,,3385.881,1.168,,,,,2.244,3.399,7.280,1.428,2.050,0.402,2.143,0.420,,,17.263,0.060,0.010,0.000,0.030,0.010,0.000,,,0.020,,,,0.020,,17.330,11.440,0.849,34.830
Honduras,1992,HND,5244677,15733343232.000,0.271,0.052,2.686,0.247,10.130,0.512,0.171,0.151,0.004,0.001,3.685,0.703,0.234,4.290,57.437,0.011,,,53.136,,3396.832,1.132,,,,,2.240,3.363,7.310,1.394,2.040,0.389,2.411,0.460,,,17.815,0.050,0.010,0.000,0.030,0.010,0.000,,,0.020,,,,0.030,,17.640,11.750,0.999,37.210
Honduras,1993,HND,5394416,16847893504.000,0.299,0.055,2.824,0.138,5.130,0.523,0.168,0.159,0.004,0.001,3.684,0.683,0.219,4.589,60.261,0.015,,,55.657,,3293.559,1.055,,,,,2.141,3.235,6.980,1.294,2.000,0.371,2.521,0.467,,,17.767,0.050,0.010,0.000,0.030,0.010,0.000,,,0.020,,,,0.030,,17.450,11.550,0.860,30.470
Honduras,1994,HND,5548969,16756480000.000,0.252,0.045,3.162,0.338,11.980,0.570,0.189,0.178,0.004,0.001,3.905,0.704,0.233,4.841,63.422,0.018,,,58.562,,3199.787,1.060,,,,,2.206,3.267,7.360,1.326,1.950,0.351,2.906,0.524,,,17.756,0.040,0.010,0.000,0.030,0.010,0.000,,,0.020,,,,0.030,,18.130,12.240,0.743,23.510
Honduras,1995,HND,5709010,17579243520.000,0.293,0.051,3.767,0.605,19.130,0.660,0.214,0.196,0.004,0.001,4.336,0.760,0.247,5.135,67.189,0.022,,,62.032,,3362.375,1.092,,,,,2.279,3.311,7.190,1.259,2.260,0.396,3.470,0.608,,,19.196,0.050,0.020,0.000,0.030,0.010,0.000,,,0.020,,,,0.040,,18.900,13.010,0.569,15.120
Honduras,1996,HND,5874814,18358896640.000,0.384,0.065,3.817,0.050,1.330,0.650,0.208,0.178,0.004,0.001,4.681,0.797,0.255,5.518,71.006,0.026,,,65.462,,3655.332,1.170,,,,,2.146,3.144,6.930,1.180,2.040,0.347,3.430,0.584,,,21.474,0.060,0.020,0.000,0.040,0.010,0.000,,,0.020,,,,0.040,,18.470,12.610,0.864,22.630
Honduras,1997,HND,6045704,19427979264.000,0.416,0.069,3.945,0.128,3.350,0.652,0.203,0.179,0.004,0.001,5.321,0.880,0.274,5.934,74.951,0.029,,,68.987,,3647.315,1.135,,,,,2.089,3.123,6.870,1.136,2.340,0.387,3.525,0.583,,,22.051,0.060,0.020,0.000,0.040,0.010,0.000,,,0.020,,,,0.040,,18.880,12.630,1.376,34.880
Honduras,1998,HND,6220405,20150663168.000,0.355,0.057,4.737,0.793,20.090,0.762,0.235,0.200,0.004,0.001,6.140,0.987,0.305,6.289,79.688,0.033,,,73.366,,3803.820,1.174,,,,,2.071,3.124,6.640,1.067,2.450,0.394,4.379,0.704,,,23.661,0.050,0.020,0.000,0.040,0.010,0.000,,,0.020,,,,0.040,,19.430,12.880,1.403,29.620
Honduras,1999,HND,6397140,19928432640.000,0.385,0.060,4.613,-0.124,-2.620,0.721,0.231,0.182,0.150,0.023,6.741,1.054,0.338,6.674,84.301,0.183,,,77.444,,3963.072,1.272,,,,,1.904,2.858,5.530,0.864,2.310,0.361,4.078,0.637,,,25.352,0.060,0.020,0.000,0.040,0.010,0.000,,,0.020,,,,0.040,,18.280,12.180,2.128,46.130
Honduras,2000,HND,6574510,21239306240.000,0.500,0.076,4.929,0.316,6.850,0.750,0.232,0.202,0.359,0.055,7.617,1.159,0.359,7.173,89.230,0.542,,,81.515,,3708.293,1.148,,,,,1.907,2.856,5.490,0.835,2.580,0.392,4.071,0.619,,,24.380,0.070,0.020,0.000,0.040,0.010,0.000,,,0.020,,,,0.040,,18.780,12.540,2.688,54.530
Honduras,2001,HND,6751912,21992955904.000,0.509,0.075,5.602,0.673,13.650,0.830,0.255,0.211,0.326,0.048,8.300,1.229,0.377,7.683,94.833,0.868,,,86.282,,3936.396,1.208,,,,,1.988,2.784,5.130,0.760,2.310,0.342,4.767,0.706,,,26.578,0.070,0.020,0.000,0.040,0.010,0.000,,,0.020,,,,0.050,,18.800,13.420,2.698,48.150
Honduras,2002,HND,6929267,22983632896.000,0.468,0.068,5.868,0.266,4.740,0.847,0.255,0.219,0.374,0.054,9.589,1.384,0.417,8.150,100.701,1.242,,,91.308,,3871.995,1.167,,,,,1.994,2.777,5.560,0.802,2.010,0.290,5.026,0.725,,,26.830,0.060,0.020,0.000,0.040,0.010,0.000,,,0.020,,,,0.050,,19.240,13.820,3.721,63.420
Honduras,2003,HND,7106323,24205426688.000,0.480,0.068,6.617,0.749,12.760,0.931,0.273,0.225,0.447,0.063,9.134,1.285,0.377,8.630,107.318,1.689,,,96.998,,4142.374,1.216,,,,,2.201,3.106,6.760,0.951,2.990,0.421,5.690,0.801,,,29.437,0.060,0.020,0.000,0.040,0.010,0.000,,,0.020,,,,0.050,,22.070,15.640,2.517,38.040
Honduras,2004,HND,7282953,25910108160.000,0.522,0.072,7.194,0.577,8.720,0.988,0.278,0.230,0.469,0.064,9.104,1.250,0.351,9.152,114.512,2.158,,,103.201,,4301.360,1.209,,,,,2.260,2.997,6.230,0.855,2.430,0.334,6.203,0.852,,,31.327,0.060,0.030,0.000,0.040,0.010,0.000,,,0.030,,,,0.060,,21.830,16.460,1.910,26.550
Honduras,2005,HND,7458982,27704981504.000,0.514,0.069,6.831,-0.363,-5.050,0.916,0.247,0.213,0.095,0.013,9.405,1.261,0.340,9.666,121.343,2.254,,,109.423,,4303.949,1.159,,,,,2.199,3.016,6.850,0.918,3.050,0.409,6.221,0.834,,,32.103,0.050,0.020,0.000,0.040,0.010,0.000,,,0.030,,,,0.060,,22.500,16.400,2.574,37.680
Honduras,2006,HND,7634295,29769398272.000,0.619,0.081,7.677,0.846,12.380,1.005,0.258,0.249,0.179,0.023,9.775,1.280,0.328,10.286,129.019,2.433,,,116.300,,4045.561,1.037,,,,,2.277,2.997,6.490,0.850,2.740,0.359,6.878,0.901,,,30.885,0.060,0.030,0.000,0.040,0.010,0.000,,,0.030,,,,0.060,,22.880,17.380,2.098,27.330
Honduras,2007,HND,7808520,31871723520.000,0.643,0.082,8.206,0.529,6.890,1.051,0.257,0.214,0.191,0.024,10.597,1.357,0.333,10.929,137.225,2.624,,,123.672,,4899.508,1.200,,,,,2.317,3.024,6.610,0.847,2.740,0.351,7.372,0.944,,,38.258,0.060,0.030,0.000,0.040,0.010,0.000,,,0.030,,,,0.070,,23.610,18.090,2.392,29.150
Honduras,2008,HND,7980955,33484304384.000,0.648,0.081,8.438,0.232,2.830,1.057,0.252,0.223,0.315,0.040,10.736,1.345,0.321,11.577,145.663,2.939,,,131.147,,4748.592,1.132,,,,,2.270,2.963,6.750,0.846,2.540,0.318,7.475,0.937,,,37.898,0.060,0.030,0.000,0.040,0.010,0.000,,,0.030,,,,0.070,,23.650,18.120,2.298,27.240
Honduras,2009,HND,8150780,32923389952.000,0.637,0.078,7.939,-0.499,-5.910,0.974,0.241,0.221,0.275,0.034,9.850,1.209,0.299,12.214,153.602,3.214,,,138.174,,4406.644,1.091,,,,,2.215,2.910,7.080,0.869,2.730,0.335,7.028,0.862,,,35.918,0.050,0.030,0.000,0.050,0.010,0.000,,,0.030,,,,0.060,,23.720,18.050,1.911,24.070
Honduras,2010,HND,8317467,34409603072.000,0.606,0.073,7.890,-0.049,-0.610,0.949,0.229,0.206,0.282,0.034,10.190,1.225,0.296,12.820,161.492,3.496,,,145.176,,4613.172,1.115,,,,,2.200,2.869,7.120,0.856,2.680,0.322,7.002,0.842,,,38.370,0.050,0.020,0.000,0.050,0.010,0.000,,,0.030,,,,0.060,,23.860,18.300,2.299,29.140
Honduras,2011,HND,8480670,35990761472.000,0.668,0.079,8.736,0.845,10.710,1.030,0.243,0.225,0.337,0.040,10.298,1.214,0.286,13.488,170.228,3.833,,,152.907,,4586.594,1.081,,,,,2.290,3.043,7.360,0.868,3.110,0.367,7.731,0.912,,,38.897,0.050,0.030,0.000,0.050,0.010,0.000,,,0.030,,,,0.070,,25.810,19.420,1.562,17.880
Honduras,2012,HND,8640692,37443690496.000,0.765,0.089,9.094,0.358,4.100,1.052,0.243,0.218,0.388,0.045,12.121,1.403,0.324,14.253,179.322,4.221,,,160.847,,4832.134,1.115,,,,,2.302,2.988,7.200,0.833,2.780,0.322,7.940,0.919,,,41.753,0.060,0.030,0.000,0.050,0.010,0.000,,,0.030,,,,0.070,,25.820,19.890,3.027,33.290
Honduras,2013,HND,8798524,38446698496.000,0.692,0.079,9.240,0.146,1.610,1.050,0.240,0.219,0.374,0.043,11.748,1.335,0.306,14.945,188.562,4.595,,,169.021,,4792.243,1.097,,,,,2.320,3.023,7.450,0.847,3.080,0.350,8.174,0.929,,,42.165,0.050,0.030,0.000,0.050,0.010,0.000,,,0.030,,,,0.070,,26.600,20.410,2.508,27.140
Honduras,2014,HND,8955579,39484542976.000,0.662,0.074,9.309,0.069,0.750,1.039,0.236,0.211,0.399,0.045,11.788,1.316,0.299,15.607,197.871,4.994,,,177.269,,4935.751,1.119,,,,,2.309,3.010,7.630,0.852,3.070,0.343,8.248,0.921,,,44.203,0.040,0.030,0.000,0.050,0.010,0.000,,,0.030,,,,0.070,,26.960,20.680,2.478,26.620
Honduras,2015,HND,9112904,40757800960.000,0.723,0.079,9.802,0.493,5.300,1.076,0.241,0.200,0.341,0.037,11.934,1.310,0.293,16.330,207.673,5.335,,,186.007,,5383.541,1.204,,,,,2.330,3.002,7.580,0.832,2.960,0.325,8.738,0.959,,,49.060,0.050,0.030,0.000,0.050,0.010,0.000,,,0.030,,,,0.070,,27.360,21.230,2.132,21.750
Honduras,2016,HND,9270794,42061463552.000,0.723,0.078,9.293,-0.509,-5.190,1.002,0.221,0.196,0.154,0.017,11.412,1.231,0.271,17.053,216.966,5.489,,,194.423,,5118.267,1.128,,,,,2.281,2.915,7.730,0.834,3.220,0.347,8.416,0.908,,,47.450,0.050,0.030,0.000,0.050,0.010,0.000,,,0.040,,,,0.070,,27.020,21.150,2.119,22.800
Honduras,2017,HND,9429016,43867512832.000,0.723,0.077,8.857,-0.436,-4.690,0.939,0.202,0.176,0.004,0.000,11.094,1.177,0.253,17.776,225.823,5.493,,,202.554,,5343.051,1.148,,,,,2.220,2.817,7.470,0.792,3.130,0.332,8.131,0.862,,,50.380,0.050,0.020,0.000,0.050,0.010,0.000,,,0.040,,,,0.070,,26.560,20.930,2.237,25.250
Honduras,2018,HND,9587523,45382746112.000,0.765,0.080,10.050,1.193,13.470,1.048,0.221,0.179,,,12.294,1.282,0.271,18.541,235.873,,,,211.839,,5853.068,1.237,,,,,2.311,2.910,7.770,0.810,3.290,0.343,9.285,0.968,,,56.116,0.050,0.030,,0.050,0.010,,,,0.040,,,,0.080,,27.900,22.160,2.244,22.330
Honduras,2019,HND,9746115,,0.765,0.079,10.789,0.739,7.350,1.107,,0.191,,,12.795,1.313,,19.307,246.662,,,,221.862,,5802.885,,,,,,2.297,2.887,7.770,0.797,3.260,0.334,10.024,1.028,,,56.556,0.050,0.030,,0.050,0.010,,,,0.040,,,,0.080,,28.140,22.390,2.006,18.600
Honduras,2020,HND,9904608,,0.765,0.077,9.660,-1.129,-10.470,0.975,,,,,,,,20.072,256.321,,,,230.756,,,,,,,,,,,,,,8.894,0.898,,,,0.050,0.030,,0.050,0.020,,,,0.040,,,,0.080,,,,,
Panama,1948,PAN,817970,2239128064.000,0.022,0.027,0.022,,,0.027,0.010,,,,,,,0.022,0.022,,,,,,,,,,,,,,,,,,,,,,,0.040,0.000,,0.000,0.000,,,,,,,,,,,,,
Panama,1949,PAN,838519,2289415936.000,0.025,0.030,0.025,0.004,16.670,0.030,0.011,,,,,,,0.047,0.047,,,,,,,,,,,,,,,,,,,,,,,0.040,0.000,,0.010,0.000,,,,,,,,,,,,,
Panama,1950,PAN,859658,2301261056.000,0.025,0.030,0.524,0.498,1958.740,0.609,0.228,,,,,,,0.073,0.571,,,,0.498,,,,,,,,,,,,,,0.498,0.580,,,,0.040,0.010,,0.010,0.000,,,,0.000,,,,0.030,,,,,
Panama,1951,PAN,881345,2281755904.000,0.036,0.041,0.560,0.037,6.980,0.636,0.246,,,,,,,0.109,1.131,,,,1.022,,,,,,,,,,,,,,0.524,0.595,,,,0.050,0.010,,0.010,0.000,,,,0.000,,,,0.030,,,,,
Panama,1952,PAN,904406,2403579904.000,0.047,0.052,0.725,0.165,29.410,0.802,0.302,,,,,,,0.156,1.856,,,,1.700,,,,,,,,,,,,,,0.678,0.749,,,,0.060,0.010,,0.010,0.000,,,,0.010,,,,0.040,,,,,
Panama,1953,PAN,928745,2548337920.000,0.040,0.043,0.721,-0.004,-0.500,0.777,0.283,,,,,,,0.196,2.578,,,,2.382,,,,,,,,,,,,,,0.682,0.734,,,,0.040,0.010,,0.020,0.000,,,,0.010,,,,0.030,,,,,
Panama,1954,PAN,954313,2640784896.000,0.036,0.038,0.637,-0.084,-11.680,0.668,0.241,,,,,,,0.233,3.215,,,,2.982,,,,,,,,,,,,,,0.601,0.630,,,,0.040,0.010,,0.020,0.000,,,,0.010,,,,0.030,,,,,
Panama,1955,PAN,981083,2796425984.000,0.036,0.037,0.714,0.077,12.070,0.728,0.255,,,,,,,0.269,3.929,,,,3.660,,,,,,,,,,,,,,0.678,0.691,,,,0.030,0.010,,0.020,0.000,,,,0.010,,,,0.030,,,,,
Panama,1956,PAN,1009040,2940932096.000,0.036,0.036,0.637,-0.077,-10.770,0.632,0.217,,,,,,,0.305,4.567,,,,4.261,,,,,,,,,,,,,,0.601,0.595,,,,0.030,0.010,,0.020,0.000,,,,0.010,,,,0.020,,,,,
Panama,1957,PAN,1038181,3249456128.000,0.040,0.038,0.765,0.128,20.120,0.737,0.236,,,,,,,0.345,5.332,,,,4.987,,,,,,,,,,,,,,0.725,0.699,,,,0.030,0.010,,0.020,0.000,,,,0.010,,,,0.030,,,,,
Panama,1958,PAN,1068544,3270190080.000,0.033,0.031,0.930,0.165,21.550,0.871,0.285,,,,,,,0.378,6.262,,,,5.884,,,,,,,,,,,,,,0.898,0.840,,,,0.030,0.010,,0.020,0.000,,,,0.010,,,,0.030,,,,,
Panama,1959,PAN,1100139,3483259904.000,0.047,0.043,0.996,0.066,7.070,0.905,0.286,,,,,,,0.425,7.259,,,,6.833,,,,,,,,,,,,,,0.949,0.863,,,,0.030,0.010,,0.020,0.000,,,,0.010,,,,0.030,,,,,
Panama,1960,PAN,1133005,3693115904.000,0.055,0.048,0.996,-0.000,-0.010,0.879,0.270,,,,,,,0.480,8.255,,,,7.775,,,,,,,,,,,,,,0.942,0.831,,,,0.030,0.010,,0.020,0.000,,,,0.020,,,,0.030,,,,,
Panama,1961,PAN,1167120,4088622080.000,0.055,0.047,1.102,0.106,10.670,0.945,0.270,,,,,,,0.534,9.357,,,,8.823,,,,,,,,,,,,,,1.048,0.898,,,,0.030,0.010,,0.020,0.000,,,,0.020,,,,0.030,,,,,
Panama,1962,PAN,1202447,4434752000.000,0.062,0.051,1.190,0.088,7.970,0.990,0.268,,,,,,,0.596,10.547,,,,9.951,,,,,,,,,,,,,,1.129,0.938,,,,0.040,0.010,,0.030,0.000,,,,0.020,,,,0.030,,,,,
Panama,1963,PAN,1238893,4850126848.000,0.069,0.056,1.183,-0.007,-0.620,0.955,0.244,,,,,,,0.665,11.730,,,,11.065,,,,,,,,,,,,,,1.114,0.899,,,,0.040,0.010,,0.030,0.000,,,,0.020,,,,0.030,,,,,
Panama,1964,PAN,1276331,5060552192.000,0.062,0.048,1.242,0.059,4.960,0.973,0.245,,,,,,,0.727,12.972,,,,12.245,,,,,,,,,,,,,,1.180,0.924,,,,0.030,0.010,,0.030,0.000,,,,0.020,,,,0.030,,,,,
Panama,1965,PAN,1314679,5504225792.000,0.084,0.064,1.527,0.286,23.000,1.162,0.278,,,,,,,0.811,14.499,,,,13.689,,,,,,,,,,,,,,1.444,1.098,,,,0.040,0.010,,0.030,0.000,,,,0.020,,,,0.030,,,,,
Panama,1966,PAN,1353847,5911815168.000,0.073,0.054,1.656,0.128,8.400,1.223,0.280,,0.004,0.003,,,,0.883,16.155,0.004,,,15.268,,,,,,,,,,,,,,1.579,1.166,,,,0.030,0.010,0.000,0.030,0.000,0.000,,,0.020,,,,0.030,,,,,
Panama,1967,PAN,1393824,6405394944.000,0.091,0.065,1.696,0.040,2.430,1.217,0.265,,0.007,0.005,,,,0.974,17.850,0.011,,,16.865,,,,,,,,,,,,,,1.598,1.146,,,,0.040,0.010,0.000,0.030,0.000,0.000,,,0.020,,,,0.030,,,,,
Panama,1968,PAN,1434676,6876144128.000,0.080,0.056,2.018,0.323,19.020,1.407,0.294,,0.004,0.003,,,,1.054,19.869,0.015,,,18.800,,,,,,,,,,,,,,1.934,1.348,,,,0.030,0.020,0.000,0.030,0.010,0.000,,,0.020,,,,0.030,,,,,
Panama,1969,PAN,1476481,7409264128.000,0.087,0.059,2.051,0.033,1.630,1.389,0.277,,0.011,0.007,,,,1.142,21.920,0.026,,,20.752,,,,,,,,,,,,,,1.953,1.323,,,,0.030,0.010,0.000,0.030,0.010,0.000,,,0.020,,,,0.030,,,,,
Panama,1970,PAN,1519286,7855561216.000,0.120,0.079,2.201,0.150,7.310,1.449,0.280,,,,,,,1.262,24.121,,,,22.834,,,,,,,,,,,,,,2.081,1.370,,,,0.040,0.010,,0.030,0.010,,,,0.020,,,,0.030,,,,,
Panama,1971,PAN,1563093,8611353600.000,0.138,0.088,2.600,0.399,18.140,1.664,0.302,,0.004,0.002,,,,1.400,26.721,0.029,,,25.292,,,,,,,,,,,,,,2.459,1.573,,,,0.050,0.020,0.000,0.030,0.010,0.000,,,0.020,,,,0.030,,,,,
Panama,1972,PAN,1607797,9008307200.000,0.134,0.084,2.798,0.198,7.610,1.740,0.311,,0.022,0.014,,,,1.534,29.519,0.051,,,27.934,,,,,,,,,,,,,,2.642,1.643,,,,0.040,0.020,0.000,0.030,0.010,0.000,,,0.020,,,,0.030,,,,,
Panama,1973,PAN,1653208,9493539840.000,0.214,0.130,3.237,0.439,15.690,1.958,0.341,,0.033,0.020,,,,1.749,32.757,0.084,,,30.924,,,,,,,,,,,,,,2.990,1.809,,,,0.060,0.020,0.000,0.030,0.010,0.000,,,0.030,,,,0.040,,,,,
Panama,1974,PAN,1699056,9721365504.000,0.196,0.116,3.018,-0.220,-6.790,1.776,0.310,,0.011,0.007,,,,1.945,35.774,0.095,,,33.734,,,,,,,,,,,,,,2.810,1.654,,,,0.060,0.020,0.000,0.040,0.010,0.000,,,0.030,,,,0.030,,,,,
Panama,1975,PAN,1745142,9880100864.000,0.138,0.079,3.659,0.642,21.260,2.097,0.370,,0.004,0.002,,,,2.083,39.433,0.099,,,37.251,,,,,,,,,,,,,,3.517,2.016,,,,0.040,0.020,0.000,0.040,0.010,0.000,,,0.030,,,,0.040,,,,,
Panama,1976,PAN,1791389,10042368000.000,0.137,0.076,3.607,-0.052,-1.430,2.013,0.359,,,,,,,2.220,43.040,,,,40.721,,,,,,,,,,,,,,3.470,1.937,,,,0.040,0.020,,0.040,0.010,,,,0.030,,,,0.040,,,,,
Panama,1977,PAN,1837804,10153104384.000,0.132,0.072,3.455,-0.151,-4.190,1.880,0.340,,,,,,,2.352,46.495,,,,44.045,,,,,,,,,,,,,,3.323,1.808,,,,0.040,0.020,,0.040,0.010,,,,0.030,,,,0.040,,,,,
Panama,1978,PAN,1884427,11148749824.000,0.145,0.077,2.835,-0.621,-17.970,1.504,0.254,,,,,,,2.497,49.330,,,,46.734,,,,,,,,,,,,,,2.689,1.427,,,,0.040,0.010,,0.040,0.010,,,,0.030,,,,0.030,,,,,
Panama,1979,PAN,1931302,11651850240.000,0.242,0.125,3.181,0.346,12.210,1.647,0.273,,,,,,,2.740,52.511,,,,49.672,,,,,,,,,,,,,,2.939,1.521,,,,0.060,0.020,,0.040,0.010,,,,0.030,,,,0.030,,,,,
Panama,1980,PAN,1978489,13424039936.000,0.268,0.135,3.108,-0.073,-2.300,1.571,0.231,0.058,0.004,0.002,,,,3.008,55.618,0.103,,,52.508,,27232.654,4.014,,,,,,,,,,,2.836,1.433,,,53.880,0.070,0.020,0.000,0.040,0.010,0.000,,,0.030,,,,0.030,,,,,
Panama,1981,PAN,2025965,14618687488.000,0.245,0.121,3.323,0.215,6.920,1.640,0.227,0.061,0.007,0.004,,,,3.252,58.941,0.110,,,55.579,,26923.539,3.731,,,,,,,,,,,3.070,1.515,,,54.546,0.060,0.020,0.000,0.040,0.010,0.000,,,0.030,,,,0.040,,,,,
Panama,1982,PAN,2073748,15185760256.000,0.164,0.079,3.279,-0.044,-1.330,1.581,0.216,0.063,0.007,0.004,,,,3.417,62.220,0.117,,,58.686,,25008.264,3.415,,,,,,,,,,,3.107,1.498,,,51.861,0.040,0.020,0.000,0.040,0.010,0.000,,,0.030,,,,0.040,,,,,
Panama,1983,PAN,2121863,14954065920.000,0.149,0.070,3.480,0.201,6.140,1.640,0.233,0.066,0.007,0.004,,,,3.566,65.699,0.125,,,62.009,,24736.764,3.510,,,,,,,,,,,3.323,1.566,,,52.488,0.040,0.020,0.000,0.040,0.010,0.000,,,0.030,,,,0.040,,,,,
Panama,1984,PAN,2170330,15268616192.000,0.138,0.063,2.867,-0.612,-17.600,1.321,0.188,0.053,0.026,0.012,,,,3.703,68.567,0.150,,,64.713,,24812.436,3.527,,,,,,,,,,,2.704,1.246,,,53.851,0.030,0.010,0.000,0.040,0.010,0.000,,,0.030,,,,0.030,,,,,
Panama,1985,PAN,2219200,16051871744.000,0.136,0.062,2.727,-0.140,-4.900,1.229,0.170,0.056,,,,,,3.840,71.294,,,,67.304,,21820.146,3.017,,,,,,,,,,,2.590,1.167,,,48.423,0.030,0.010,,0.040,0.010,,,,0.030,,,,0.030,,,,,
Panama,1986,PAN,2268500,16762535936.000,0.152,0.067,2.735,0.008,0.290,1.206,0.163,0.055,0.022,0.010,,,,3.991,74.028,0.172,,0.099,69.766,,22009.488,2.979,,,0.099,0.044,,,,,,,2.462,1.085,,,49.929,0.030,0.010,0.000,0.040,0.010,0.000,,0.000,0.030,,,0.000,0.030,,,,,
Panama,1987,PAN,2318259,17272821760.000,0.157,0.068,3.180,0.445,16.260,1.372,0.184,0.061,0.092,0.040,,,,4.148,77.208,0.264,,0.198,72.598,,22344.307,2.999,,,0.099,0.043,,,,,,,2.832,1.222,,,51.800,0.030,0.010,0.000,0.040,0.010,0.000,,0.000,0.030,,,0.000,0.030,,,,,
Panama,1988,PAN,2368556,15522385920.000,0.097,0.041,2.915,-0.265,-8.330,1.231,0.188,0.057,0.070,0.029,,,,4.245,80.123,0.333,,0.304,75.240,,21644.889,3.303,,,0.106,0.045,,,,,,,2.642,1.115,,,51.267,0.020,0.010,0.000,0.040,0.010,0.000,,0.000,0.030,,,0.000,0.030,,,,,
Panama,1989,PAN,2419424,15760105472.000,0.074,0.030,2.510,-0.404,-13.870,1.038,0.159,0.050,0.029,0.012,,,,4.319,82.633,0.363,,0.407,77.545,,20637.006,3.168,,,0.102,0.042,,,,,,,2.305,0.953,,,49.930,0.010,0.010,0.000,0.040,0.010,0.000,,0.000,0.030,,,0.000,0.030,,,,,
Panama,1990,PAN,2470946,17035766784.000,0.129,0.052,2.632,0.122,4.850,1.065,0.154,0.050,0.092,0.037,2.877,1.164,0.169,4.448,85.265,0.454,,,79.956,,21356.531,3.098,,,,,3.173,5.605,4.020,1.627,1.120,0.453,2.411,0.976,,,52.771,0.030,0.010,0.000,0.040,0.010,0.000,,,0.030,,,,0.030,,13.850,7.840,0.245,9.320
Panama,1991,PAN,2523115,18696767488.000,0.129,0.051,3.104,0.472,17.950,1.230,0.166,0.060,0.128,0.051,2.995,1.187,0.160,4.578,88.369,0.583,,,82.803,,20677.295,2.790,,,,,3.301,5.683,4.090,1.621,1.110,0.440,2.847,1.128,,,52.171,0.030,0.010,0.000,0.040,0.010,0.000,,,0.030,,,,0.030,,14.340,8.330,-0.110,-3.530
Panama,1992,PAN,2575949,20281944064.000,0.108,0.042,4.112,1.008,32.460,1.596,0.203,0.078,0.128,0.050,3.501,1.359,0.173,4.685,92.482,0.711,,,86.679,,20610.068,2.618,,,,,3.498,5.827,4.180,1.623,1.180,0.458,3.876,1.505,,,53.090,0.020,0.020,0.000,0.040,0.010,0.000,,,0.030,,,,0.040,,15.010,9.010,-0.611,-14.860
Panama,1993,PAN,2629584,21447804928.000,0.246,0.093,3.785,-0.327,-7.960,1.439,0.176,0.071,0.139,0.053,3.383,1.287,0.158,4.931,96.267,0.850,,,90.079,,20271.777,2.485,,,,,3.521,5.807,4.250,1.616,1.210,0.460,3.400,1.293,,,53.306,0.040,0.020,0.000,0.040,0.010,0.000,,,0.030,,,,0.040,,15.270,9.260,-0.402,-10.610
Panama,1994,PAN,2684117,22126487552.000,0.264,0.098,4.177,0.392,10.370,1.556,0.189,0.070,0.143,0.053,3.563,1.327,0.161,5.195,100.444,0.993,,,93.849,,22122.645,2.684,,,,,3.558,5.797,4.320,1.609,1.170,0.436,3.770,1.405,,,59.380,0.040,0.020,0.000,0.040,0.010,0.000,,,0.030,,,,0.040,,15.560,9.550,-0.615,-14.710
Panama,1995,PAN,2739667,22570156032.000,0.264,0.096,3.653,-0.524,-12.550,1.333,0.162,0.058,0.095,0.035,3.482,1.271,0.154,5.459,104.097,1.088,,,97.143,,22820.297,2.770,,,,,3.562,5.753,4.210,1.537,1.160,0.423,3.294,1.202,,,62.520,0.040,0.020,0.000,0.040,0.010,0.000,,,0.030,,,,0.040,,15.760,9.760,-0.171,-4.670
Panama,1996,PAN,2796291,23274084352.000,0.277,0.099,4.447,0.794,21.730,1.590,0.191,0.079,0.264,0.094,4.045,1.446,0.174,5.736,108.544,1.352,,,101.049,,20119.840,2.417,,,,,3.487,5.632,4.080,1.459,1.210,0.433,3.906,1.397,,,56.261,0.040,0.020,0.000,0.040,0.010,0.000,,,0.030,,,,0.040,,15.750,9.750,-0.402,-9.040
Panama,1997,PAN,2853907,24846157824.000,0.299,0.105,4.630,0.183,4.120,1.622,0.186,0.080,0.150,0.053,4.272,1.497,0.172,6.035,113.174,1.502,,,105.229,,20265.744,2.328,,,,,3.395,5.498,3.840,1.346,1.120,0.392,4.180,1.465,,,57.837,0.050,0.020,0.000,0.040,0.010,0.000,,,0.030,,,,0.040,,15.690,9.690,-0.358,-7.740
Panama,1998,PAN,2912318,26740258816.000,0.320,0.110,5.901,1.271,27.440,2.026,0.221,0.097,0.158,0.054,5.280,1.813,0.198,6.356,119.074,1.660,,,110.652,,20920.363,2.278,,,,,3.695,5.758,3.770,1.295,1.160,0.398,5.423,1.862,,,60.927,0.050,0.020,0.000,0.040,0.010,0.000,,,0.030,,,,0.060,,16.770,10.760,-0.620,-10.510
Panama,1999,PAN,2971197,27866808320.000,0.324,0.109,5.622,-0.278,-4.720,1.892,0.202,0.132,0.158,0.053,5.805,1.954,0.208,6.680,124.697,1.818,,,115.792,,14288.878,1.523,,,,,3.335,5.355,3.630,1.222,1.130,0.380,5.140,1.730,,,42.455,0.050,0.020,0.000,0.040,0.010,0.000,,,0.030,,,,0.050,,15.910,9.910,0.182,3.250
Panama,2000,PAN,3030333,28706484224.000,0.405,0.134,5.728,0.106,1.890,1.890,0.200,0.085,0.158,0.052,5.553,1.832,0.193,7.085,130.425,1.975,,,120.958,,22132.156,2.336,,,,,3.297,5.280,3.450,1.138,1.110,0.366,5.166,1.705,,,67.068,0.060,0.020,0.000,0.040,0.010,0.000,,,0.030,,,,0.050,,16.000,9.990,-0.175,-3.060
Panama,2001,PAN,3089641,28943056896.000,0.347,0.112,6.953,1.225,21.380,2.250,0.240,0.102,0.169,0.055,5.812,1.881,0.201,7.432,137.378,2.144,,,127.396,,22062.396,2.355,,,,,3.683,5.107,3.760,1.217,1.210,0.392,6.438,2.084,,,68.165,0.050,0.030,0.000,0.040,0.010,0.000,,,0.030,,,,0.060,,15.780,11.380,-1.141,-16.410
Panama,2002,PAN,3149195,29668001792.000,0.314,0.100,5.821,-1.132,-16.280,1.848,0.196,0.086,0.121,0.038,5.993,1.903,0.202,7.746,143.199,2.265,,,132.782,,21384.441,2.270,,,,,3.382,4.779,3.820,1.213,1.220,0.387,5.386,1.710,,,67.344,0.040,0.020,0.000,0.040,0.010,0.000,,,0.030,,,,0.050,,15.050,10.650,0.172,2.960
Panama,2003,PAN,3209056,31009619968.000,0.370,0.116,6.090,0.269,4.620,1.898,0.196,0.090,,,0.197,0.062,0.006,8.116,149.289,,,,138.502,,21163.164,2.190,,,,,3.378,4.780,3.890,1.212,1.300,0.405,5.720,1.782,,,67.914,0.040,0.020,,0.040,0.010,,,,0.030,,,,0.050,,15.340,10.840,-5.893,-96.760
Panama,2004,PAN,3269356,33428600832.000,0.431,0.132,5.711,-0.379,-6.220,1.747,0.171,0.083,,,0.824,0.252,0.025,8.548,155.000,,,,143.781,,21182.746,2.072,,,,,3.340,4.692,3.870,1.184,1.220,0.373,5.280,1.615,,,69.254,0.050,0.020,,0.040,0.010,,,,0.040,,,,0.050,,15.340,10.920,-4.887,-85.570
Panama,2005,PAN,3330222,35933065216.000,0.431,0.130,6.971,1.260,22.070,2.093,0.194,0.101,,,,,,8.979,161.971,,,,150.322,,20775.791,1.925,,,,,3.781,5.102,3.990,1.198,1.230,0.369,6.540,1.964,,,69.188,0.040,0.020,,0.040,0.010,,,,0.040,,,,0.060,,16.990,12.590,,
Panama,2006,PAN,3391673,39099564032.000,0.427,0.126,7.524,0.553,7.930,2.218,0.192,0.100,,,,,,9.405,169.496,,,,157.419,,22150.650,1.921,,,,,3.868,5.166,4.070,1.200,1.260,0.371,7.097,2.092,,,75.128,0.040,0.020,,0.040,0.010,,,,0.040,,,,0.060,,17.520,13.120,,
Panama,2007,PAN,3453671,43958181888.000,0.421,0.122,7.350,-0.174,-2.320,2.128,0.167,0.104,,,0.868,0.251,0.020,9.826,176.845,,,,164.347,,20529.197,1.613,,,,,3.802,5.076,4.080,1.181,1.220,0.353,6.929,2.006,,,70.901,0.040,0.020,,0.040,0.010,,,,0.040,,,,0.060,,17.530,13.130,-6.482,-88.200
Panama,2008,PAN,3516204,47885660160.000,0.732,0.208,7.335,-0.015,-0.200,2.086,0.153,0.088,,,5.363,1.525,0.112,10.559,184.180,,,,170.950,,23621.051,1.734,,,,,3.763,5.017,4.260,1.212,1.280,0.364,6.603,1.878,,,83.056,0.060,0.020,,0.040,0.010,,,,0.040,,,,0.060,,17.640,13.230,-1.972,-26.880
Panama,2009,PAN,3579215,48772972544.000,0.664,0.185,8.461,1.126,15.350,2.364,0.174,0.105,,,17.687,4.942,0.363,11.222,192.640,,,,178.747,,22482.658,1.650,,,,,4.141,5.373,4.370,1.221,1.320,0.369,7.797,2.178,,,80.470,0.060,0.030,,0.040,0.010,,,,0.040,,,,0.070,,19.230,14.820,9.227,109.050
Panama,2010,PAN,3642691,51741884416.000,0.586,0.161,9.072,0.611,7.230,2.490,0.175,0.099,,,25.226,6.925,0.488,11.809,201.713,,,,187.233,,25059.797,1.764,,,,,4.244,5.452,4.440,1.219,1.330,0.365,8.486,2.329,,,91.285,0.050,0.030,,0.040,0.020,,,,0.040,,,,0.080,,19.860,15.460,16.154,178.070
Panama,2011,PAN,3706479,57996521472.000,0.690,0.186,9.953,0.881,9.710,2.685,0.172,0.108,0.630,0.170,15.058,4.063,0.260,12.499,211.665,2.895,,,195.866,,24842.512,1.588,,,,,4.468,5.655,4.640,1.252,1.340,0.362,8.633,2.329,,,92.078,0.050,0.030,0.000,0.040,0.020,0.000,,,0.040,,,,0.080,,20.960,16.560,5.105,51.300
Panama,2012,PAN,3770635,63359008768.000,0.898,0.238,9.768,-0.185,-1.860,2.591,0.154,0.096,0.857,0.227,27.634,7.329,0.436,13.396,221.434,3.752,,,203.879,,27107.971,1.613,,,,,4.577,5.744,4.720,1.252,1.410,0.374,8.013,2.125,,,102.214,0.070,0.030,0.010,0.040,0.020,0.000,,,0.040,,,,0.070,,21.660,17.260,17.865,182.900
Panama,2013,PAN,3835447,67546259456.000,0.921,0.240,10.513,0.745,7.630,2.741,0.156,0.105,0.905,0.236,23.828,6.213,0.353,14.317,231.947,4.657,,,212.566,,26226.812,1.489,,,,,4.495,5.642,4.800,1.251,1.440,0.375,8.687,2.265,,,100.592,0.060,0.030,0.010,0.040,0.020,0.000,,,0.040,,,,0.070,,21.640,17.240,13.315,126.650
Panama,2014,PAN,3901311,71636836352.000,0.849,0.218,10.855,0.342,3.250,2.783,0.152,0.105,0.934,0.240,24.719,6.336,0.345,15.166,242.802,5.591,,,221.638,,26367.363,1.436,,,,,4.529,5.657,4.730,1.212,1.350,0.346,9.072,2.325,,,102.867,0.060,0.030,0.010,0.040,0.020,0.000,,,0.040,,,,0.080,,22.070,17.670,13.863,127.710
Panama,2015,PAN,3968490,75784011776.000,0.853,0.215,10.878,0.022,0.200,2.741,0.144,0.097,0.938,0.236,24.114,6.076,0.318,16.019,253.680,6.529,,,230.725,,28315.758,1.483,,,,,4.448,5.559,4.700,1.184,1.340,0.338,9.087,2.290,,,112.371,0.060,0.030,0.010,0.050,0.020,0.000,,,0.040,,,,0.080,,22.060,17.650,13.237,121.690
Panama,2016,PAN,4037073,79468544000.000,0.853,0.211,10.555,-0.322,-2.960,2.615,0.133,0.089,0.832,0.206,23.169,5.739,0.292,16.872,264.235,7.361,,,239.595,,29413.475,1.494,,,,,4.424,5.521,4.800,1.189,1.310,0.324,8.871,2.197,,,118.744,0.060,0.030,0.010,0.050,0.020,0.000,,,0.040,,,,0.070,,22.290,17.860,12.614,119.510
Panama,2017,PAN,4106764,83345989632.000,0.737,0.179,11.212,0.657,6.220,2.730,0.134,0.088,0.231,0.056,23.903,5.820,0.287,17.609,275.447,7.592,,,249.840,,31090.453,1.532,,,,,4.222,5.294,4.820,1.174,1.300,0.317,10.245,2.495,,,127.681,0.050,0.030,0.000,0.050,0.020,0.000,,,0.040,,,,0.080,,21.740,17.340,12.691,113.190
Panama,2018,PAN,4176868,86035742720.000,0.775,0.186,10.731,-0.481,-4.290,2.569,0.125,0.083,0.582,0.139,24.104,5.771,0.280,18.384,286.178,8.174,,0.744,258.876,,31090.318,1.509,,,0.337,0.081,4.190,5.243,4.950,1.185,1.310,0.314,9.036,2.163,,,129.860,0.050,0.030,0.000,0.050,0.020,0.000,,0.000,0.050,,,0.000,0.070,,21.900,17.500,13.373,124.620
Panama,2019,PAN,4246440,,0.775,0.183,12.294,1.563,14.570,2.895,,0.100,0.871,0.205,24.408,5.748,,19.159,298.472,9.046,,1.632,268.634,,28998.338,,,,0.889,0.209,4.917,5.958,4.970,1.170,1.330,0.313,9.758,2.298,,,123.140,0.050,0.030,0.010,0.050,0.020,0.000,,0.000,0.050,,,0.010,0.080,,25.300,20.880,12.114,98.540
Panama,2020,PAN,4314768,,0.775,0.180,10.780,-1.514,-12.320,2.498,,,0.686,0.159,,,,19.935,309.251,9.731,,2.292,277.293,,,,,,0.659,0.153,,,,,,,8.659,2.007,,,,0.050,0.030,0.000,0.050,0.020,0.000,,0.000,0.050,,,0.010,0.080,,,,,
